/*
SQLyog Community v13.1.6 (64 bit)
MySQL - 5.7.15 : Database - nh-base
*********************************************************************
*/

/*!40101 SET NAMES utf8 */;

/*!40101 SET SQL_MODE=''*/;

/*!40014 SET @OLD_UNIQUE_CHECKS=@@UNIQUE_CHECKS, UNIQUE_CHECKS=0 */;
/*!40014 SET @OLD_FOREIGN_KEY_CHECKS=@@FOREIGN_KEY_CHECKS, FOREIGN_KEY_CHECKS=0 */;
/*!40101 SET @OLD_SQL_MODE=@@SQL_MODE, SQL_MODE='NO_AUTO_VALUE_ON_ZERO' */;
/*!40111 SET @OLD_SQL_NOTES=@@SQL_NOTES, SQL_NOTES=0 */;
CREATE DATABASE /*!32312 IF NOT EXISTS*/`nh-base` /*!40100 DEFAULT CHARACTER SET utf8mb4 */;

USE `nh-base`;

/*Table structure for table `base_approval_queue` */

DROP TABLE IF EXISTS `base_approval_queue`;

CREATE TABLE `base_approval_queue` (
  `id` bigint(20) NOT NULL AUTO_INCREMENT COMMENT '记录ID',
  `group_id` bigint(20) DEFAULT '-1' COMMENT '当前处理批次ID',
  `queue_type` int(11) DEFAULT '0' COMMENT '处理类型，1表示采购申请，2表示图书销毁，3表示图书封存，4表示图书公开申请，等其他类型其他表示',
  `handel_personal` bigint(20) DEFAULT '-1' COMMENT '待处理人ID',
  `purchase_id` bigint(20) DEFAULT '-1' COMMENT '待处理审批申请ID',
  `has_read` char(1) DEFAULT '0' COMMENT '是否已读，默认未读0，已读使用1表示',
  `result` char(1) DEFAULT '0' COMMENT '处理结果，未处理0表示，已处理1表示',
  `status` int(11) DEFAULT '1' COMMENT '状态，默认存在1，不存在使用0表示',
  `mark` varchar(50) DEFAULT '' COMMENT '说明',
  `create_time` datetime DEFAULT CURRENT_TIMESTAMP COMMENT '创建时间',
  `create_personal` bigint(20) DEFAULT '-1' COMMENT '创建人ID',
  `update_time` datetime DEFAULT NULL ON UPDATE CURRENT_TIMESTAMP COMMENT '更新时间',
  `update_personal` bigint(20) DEFAULT '-1' COMMENT '更新人ID',
  PRIMARY KEY (`id`)
) ENGINE=InnoDB DEFAULT CHARSET=utf8mb4 COMMENT='申请队列信息';

/*Data for the table `base_approval_queue` */

/*Table structure for table `base_book_class_cn` */

DROP TABLE IF EXISTS `base_book_class_cn`;

CREATE TABLE `base_book_class_cn` (
  `id` bigint(20) NOT NULL AUTO_INCREMENT COMMENT '图书类别编号ID',
  `code` varchar(10) DEFAULT '' COMMENT '图书类别编号',
  `name` varchar(50) DEFAULT '' COMMENT '图书类别名称',
  `parent_id` bigint(20) DEFAULT NULL COMMENT '父级类别ID',
  `class` tinyint(1) DEFAULT '0' COMMENT '图书类别级别',
  `ali_name` varchar(50) DEFAULT '' COMMENT '图书类别别名',
  `mark` varchar(225) DEFAULT '' COMMENT '备注说明',
  `status` tinyint(1) DEFAULT '1' COMMENT '状态是否禁用（默认1，禁用0）',
  `create_time` datetime DEFAULT CURRENT_TIMESTAMP COMMENT '创建时间',
  `create_personal` varchar(20) DEFAULT '' COMMENT '创建人id',
  `update_time` datetime DEFAULT NULL ON UPDATE CURRENT_TIMESTAMP COMMENT '更新时间',
  `update_personal` varchar(20) DEFAULT '' COMMENT '更新人id',
  PRIMARY KEY (`id`),
  KEY `type_name` (`code`,`name`,`ali_name`)
) ENGINE=InnoDB AUTO_INCREMENT=1229 DEFAULT CHARSET=utf8mb4 COMMENT='中国标准图书分类规则表';

/*Data for the table `base_book_class_cn` */

insert  into `base_book_class_cn`(`id`,`code`,`name`,`parent_id`,`class`,`ali_name`,`mark`,`status`,`create_time`,`create_personal`,`update_time`,`update_personal`) values 
(1,'A','马列主义毛邓思想',-1,0,'','',1,'2022-01-24 17:30:17','1','2022-01-24 17:31:36','1'),
(2,'A1','马克思、恩格斯著作',1,1,'','',1,'2022-01-24 17:30:17','1','2022-01-24 17:31:36','1'),
(3,'A11','选集、文集',1,1,'','',1,'2022-01-24 17:30:17','1','2022-01-24 17:31:36','1'),
(4,'A12','单行著作',1,1,'','',1,'2022-01-24 17:30:17','1','2022-01-24 17:31:36','1'),
(5,'A13','书信集、日记、函电、谈话',1,1,'','',1,'2022-01-24 17:30:17','1','2022-01-24 17:31:36','1'),
(6,'A14','诗词',1,1,'','',1,'2022-01-24 17:30:17','1','2022-01-24 17:31:36','1'),
(7,'A15','手迹',1,1,'','',1,'2022-01-24 17:30:17','1','2022-01-24 17:31:36','1'),
(8,'A16','专题汇编',1,1,'','',1,'2022-01-24 17:30:17','1','2022-01-24 17:31:36','1'),
(9,'A17','语录',1,1,'','',1,'2022-01-24 17:30:17','1','2022-01-24 17:31:36','1'),
(10,'A2','列宁著作',1,1,'','',1,'2022-01-24 17:30:17','1','2022-01-24 17:31:36','1'),
(11,'A21','选集、文集',1,1,'','',1,'2022-01-24 17:30:17','1','2022-01-24 17:31:36','1'),
(12,'A22','单行著作',1,1,'','',1,'2022-01-24 17:30:17','1','2022-01-24 17:31:36','1'),
(13,'A23','书信集、日记、函电、谈话',1,1,'','',1,'2022-01-24 17:30:17','1','2022-01-24 17:31:36','1'),
(14,'A24','诗词',1,1,'','',1,'2022-01-24 17:30:17','1','2022-01-24 17:31:36','1'),
(15,'A25','手迹',1,1,'','',1,'2022-01-24 17:30:17','1','2022-01-24 17:31:36','1'),
(16,'A26','专题汇编',1,1,'','',1,'2022-01-24 17:30:17','1','2022-01-24 17:31:36','1'),
(17,'A27','语录',1,1,'','',1,'2022-01-24 17:30:17','1','2022-01-24 17:31:36','1'),
(18,'A3','斯大林著作',1,1,'','',1,'2022-01-24 17:30:17','1','2022-01-24 17:31:36','1'),
(19,'A31','选集、文集',1,1,'','',1,'2022-01-24 17:30:17','1','2022-01-24 17:31:36','1'),
(20,'A32','单行著作',1,1,'','',1,'2022-01-24 17:30:17','1','2022-01-24 17:31:36','1'),
(21,'A33','书信集、日记、函电、谈话',1,1,'','',1,'2022-01-24 17:30:17','1','2022-01-24 17:31:36','1'),
(22,'A34','诗词',1,1,'','',1,'2022-01-24 17:30:17','1','2022-01-24 17:31:36','1'),
(23,'A35','手迹',1,1,'','',1,'2022-01-24 17:30:17','1','2022-01-24 17:31:36','1'),
(24,'A36','专题汇编',1,1,'','',1,'2022-01-24 17:30:17','1','2022-01-24 17:31:36','1'),
(25,'A37','语录',1,1,'','',1,'2022-01-24 17:30:17','1','2022-01-24 17:31:36','1'),
(26,'A4','毛泽东著作',1,1,'','',1,'2022-01-24 17:30:17','1','2022-01-24 17:31:36','1'),
(27,'A41','选集、文集',1,1,'','',1,'2022-01-24 17:30:17','1','2022-01-24 17:31:36','1'),
(28,'A42','单行著作',1,1,'','',1,'2022-01-24 17:30:17','1','2022-01-24 17:31:36','1'),
(29,'A43','书信集、日记、函电、谈话',1,1,'','',1,'2022-01-24 17:30:17','1','2022-01-24 17:31:36','1'),
(30,'A44','诗词',1,1,'','',1,'2022-01-24 17:30:17','1','2022-01-24 17:31:36','1'),
(31,'A45','手迹',1,1,'','',1,'2022-01-24 17:30:17','1','2022-01-24 17:31:36','1'),
(32,'A46','专题汇编',1,1,'','',1,'2022-01-24 17:30:17','1','2022-01-24 17:31:36','1'),
(33,'A48','语录',1,1,'','',1,'2022-01-24 17:30:17','1','2022-01-24 17:31:36','1'),
(34,'A49','邓小平著作',1,1,'','',1,'2022-01-24 17:30:17','1','2022-01-24 17:31:36','1'),
(35,'A491','选集、文集',1,1,'','',1,'2022-01-24 17:30:17','1','2022-01-24 17:31:36','1'),
(36,'A492','单行著作',1,1,'','',1,'2022-01-24 17:30:17','1','2022-01-24 17:31:36','1'),
(37,'A493','书信集、日记、函电、谈话',1,1,'','',1,'2022-01-24 17:30:17','1','2022-01-24 17:31:36','1'),
(38,'A494','诗词',1,1,'','',1,'2022-01-24 17:30:17','1','2022-01-24 17:31:36','1'),
(39,'A495','手迹',1,1,'','',1,'2022-01-24 17:30:17','1','2022-01-24 17:31:36','1'),
(40,'A496','专题汇编',1,1,'','',1,'2022-01-24 17:30:17','1','2022-01-24 17:31:36','1'),
(41,'A498','语录',1,1,'','',1,'2022-01-24 17:30:17','1','2022-01-24 17:31:36','1'),
(42,'A5','马克思、恩格斯、列宁、斯大林、毛泽东著作汇编',1,1,'','',1,'2022-01-24 17:30:17','1','2022-01-24 17:31:36','1'),
(43,'A7','马克思、恩格斯、列宁、斯大林、毛泽东的生平和传记',1,1,'','',1,'2022-01-24 17:30:17','1','2022-01-24 17:31:36','1'),
(44,'A71','马克思',1,1,'','',1,'2022-01-24 17:30:17','1','2022-01-24 17:31:36','1'),
(45,'A72','恩格斯',1,1,'','',1,'2022-01-24 17:30:17','1','2022-01-24 17:31:36','1'),
(46,'A73','列宁',1,1,'','',1,'2022-01-24 17:30:17','1','2022-01-24 17:31:36','1'),
(47,'A74','斯大林',1,1,'','',1,'2022-01-24 17:30:17','1','2022-01-24 17:31:36','1'),
(48,'A75','毛泽东',1,1,'','',1,'2022-01-24 17:30:17','1','2022-01-24 17:31:36','1'),
(49,'A76','邓小平',1,1,'','',1,'2022-01-24 17:30:17','1','2022-01-24 17:31:36','1'),
(50,'A8','马克思主义、列宁主义、毛泽东思想的学习和研究',1,1,'','',1,'2022-01-24 17:30:17','1','2022-01-24 17:31:36','1'),
(51,'A81','马克思主义的学习和研究',1,1,'','',1,'2022-01-24 17:30:17','1','2022-01-24 17:31:36','1'),
(52,'A811','马克思、恩格斯著作的学习和研究',1,1,'','',1,'2022-01-24 17:30:17','1','2022-01-24 17:31:36','1'),
(53,'A813','书目、索引',1,1,'','',1,'2022-01-24 17:30:17','1','2022-01-24 17:31:36','1'),
(54,'A82','列宁主义的学习和研究',1,1,'','',1,'2022-01-24 17:30:17','1','2022-01-24 17:31:36','1'),
(55,'A821','列宁著作的学习和研究',1,1,'','',1,'2022-01-24 17:30:17','1','2022-01-24 17:31:36','1'),
(56,'A823','书目、索引',1,1,'','',1,'2022-01-24 17:30:17','1','2022-01-24 17:31:36','1'),
(57,'A83','斯大林的思想的学习和研究',1,1,'','',1,'2022-01-24 17:30:17','1','2022-01-24 17:31:36','1'),
(58,'A831','斯大林著作的学习和研究',1,1,'','',1,'2022-01-24 17:30:17','1','2022-01-24 17:31:36','1'),
(59,'A833','书目、索引',1,1,'','',1,'2022-01-24 17:30:17','1','2022-01-24 17:31:36','1'),
(60,'A84','毛泽东思想的学习和研究',1,1,'','',1,'2022-01-24 17:30:17','1','2022-01-24 17:31:36','1'),
(61,'A841','毛泽东著作的学习和研究',1,1,'','',1,'2022-01-24 17:30:17','1','2022-01-24 17:31:36','1'),
(62,'A843','书目、索引',1,1,'','',1,'2022-01-24 17:30:17','1','2022-01-24 17:31:36','1'),
(63,'A849','邓小平理论的学习研究',1,1,'','',1,'2022-01-24 17:30:17','1','2022-01-24 17:31:36','1'),
(64,'A849.1','邓小平著作的学习和研究',1,1,'','',1,'2022-01-24 17:30:17','1','2022-01-24 17:31:36','1'),
(65,'A849.3','书目、索引',1,1,'','',1,'2022-01-24 17:30:17','1','2022-01-24 17:31:36','1'),
(66,'A85','著作汇编的学习和研究',1,1,'','',1,'2022-01-24 17:30:17','1','2022-01-24 17:31:36','1'),
(67,'B','哲学',-1,0,'','',1,'2022-01-24 17:30:17','1','2022-01-24 17:31:36','1'),
(68,'B0','哲学理论',67,1,'','',1,'2022-01-24 17:30:17','1','2022-01-24 17:31:36','1'),
(69,'B0-0','马克思主义哲学',67,1,'','',1,'2022-01-24 17:30:17','1','2022-01-24 17:31:36','1'),
(70,'B01','哲学基本问题',67,1,'','',1,'2022-01-24 17:30:17','1','2022-01-24 17:31:36','1'),
(71,'B02','辩证唯物主义',67,1,'','',1,'2022-01-24 17:30:17','1','2022-01-24 17:31:36','1'),
(72,'B03','历史唯物主义',67,1,'','',1,'2022-01-24 17:30:17','1','2022-01-24 17:31:36','1'),
(73,'B08','哲学流派及其研究',67,1,'','',1,'2022-01-24 17:30:17','1','2022-01-24 17:31:36','1'),
(74,'B1','世界哲学',67,1,'','',1,'2022-01-24 17:30:17','1','2022-01-24 17:31:36','1'),
(75,'B2','中国哲学',67,1,'','',1,'2022-01-24 17:30:17','1','2022-01-24 17:31:36','1'),
(76,'B20','唯物主义和唯心主义（总论）',67,1,'','',1,'2022-01-24 17:30:17','1','2022-01-24 17:31:36','1'),
(77,'B21','古代哲学',67,1,'','',1,'2022-01-24 17:30:17','1','2022-01-24 17:31:36','1'),
(78,'B22','先秦哲学（公元前221年）',67,1,'','',1,'2022-01-24 17:30:17','1','2022-01-24 17:31:36','1'),
(79,'B23','秦汉、三国晋、南北朝哲学（公元前221年～公元589年）',67,1,'','',1,'2022-01-24 17:30:17','1','2022-01-24 17:31:36','1'),
(80,'B24','隋、唐、宋、元、明、清哲学（589～1840年）',67,1,'','',1,'2022-01-24 17:30:17','1','2022-01-24 17:31:36','1'),
(81,'B25','近代哲学（1840～1916年）',67,1,'','',1,'2022-01-24 17:30:17','1','2022-01-24 17:31:36','1'),
(82,'B26','现代哲学（1919～ 年）',67,1,'','',1,'2022-01-24 17:30:17','1','2022-01-24 17:31:36','1'),
(83,'B27','马克思主义哲学在中国的传播与发展',67,1,'','',1,'2022-01-24 17:30:17','1','2022-01-24 17:31:36','1'),
(84,'B3','亚洲哲学',67,1,'','',1,'2022-01-24 17:30:17','1','2022-01-24 17:31:36','1'),
(85,'B4','非洲哲学',67,1,'','',1,'2022-01-24 17:30:17','1','2022-01-24 17:31:36','1'),
(86,'B5','欧洲哲学',67,1,'','',1,'2022-01-24 17:30:17','1','2022-01-24 17:31:36','1'),
(87,'B6','大洋洲哲学',67,1,'','',1,'2022-01-24 17:30:17','1','2022-01-24 17:31:36','1'),
(88,'B7','美洲哲学',67,1,'','',1,'2022-01-24 17:30:17','1','2022-01-24 17:31:36','1'),
(89,'B80','逻辑科学（总论）',67,1,'','',1,'2022-01-24 17:30:17','1','2022-01-24 17:31:36','1'),
(90,'B81','逻辑学',67,1,'','',1,'2022-01-24 17:30:17','1','2022-01-24 17:31:36','1'),
(91,'B82','伦理学',67,1,'','',1,'2022-01-24 17:30:17','1','2022-01-24 17:31:36','1'),
(92,'B821','人生观、人生哲学',67,1,'','',1,'2022-01-24 17:30:17','1','2022-01-24 17:31:36','1'),
(93,'B822','国家道德',67,1,'','',1,'2022-01-24 17:30:17','1','2022-01-24 17:31:36','1'),
(94,'B822.9','职业道德（工作道德）',67,1,'','',1,'2022-01-24 17:30:17','1','2022-01-24 17:31:36','1'),
(95,'B823','家庭、婚姻道德',67,1,'','',1,'2022-01-24 17:30:17','1','2022-01-24 17:31:36','1'),
(96,'B824','社会公德',67,1,'','',1,'2022-01-24 17:30:17','1','2022-01-24 17:31:36','1'),
(97,'B825','个人修养',67,1,'','',1,'2022-01-24 17:30:17','1','2022-01-24 17:31:36','1'),
(98,'B829','其他伦理规范',67,1,'','',1,'2022-01-24 17:30:17','1','2022-01-24 17:31:36','1'),
(99,'B83','美学',67,1,'','',1,'2022-01-24 17:30:17','1','2022-01-24 17:31:36','1'),
(100,'B84','心理学',67,1,'','',1,'2022-01-24 17:30:17','1','2022-01-24 17:31:36','1'),
(101,'B841','心理研究方法',67,1,'','',1,'2022-01-24 17:30:17','1','2022-01-24 17:31:36','1'),
(102,'B842','心理过程与心理状态',67,1,'','',1,'2022-01-24 17:30:17','1','2022-01-24 17:31:36','1'),
(103,'B843','发生心理学',67,1,'','',1,'2022-01-24 17:30:17','1','2022-01-24 17:31:36','1'),
(104,'B844','发展心理学',67,1,'','',1,'2022-01-24 17:30:17','1','2022-01-24 17:31:36','1'),
(105,'B845','生理心理学',67,1,'','',1,'2022-01-24 17:30:17','1','2022-01-24 17:31:36','1'),
(106,'B845.1','神经心理',67,1,'','',1,'2022-01-24 17:30:17','1','2022-01-24 17:31:36','1'),
(107,'B845.9','其他',67,1,'','',1,'2022-01-24 17:30:17','1','2022-01-24 17:31:36','1'),
(108,'B846','变态、病态、超意识心理学',67,1,'','',1,'2022-01-24 17:30:17','1','2022-01-24 17:31:36','1'),
(109,'B848','个性心理、人格心理学',67,1,'','',1,'2022-01-24 17:30:17','1','2022-01-24 17:31:36','1'),
(110,'B848.1','神经类型与气质',67,1,'','',1,'2022-01-24 17:30:17','1','2022-01-24 17:31:36','1'),
(111,'B848.2','能力与才能',67,1,'','',1,'2022-01-24 17:30:17','1','2022-01-24 17:31:36','1'),
(112,'B848.3','兴趣、态度',67,1,'','',1,'2022-01-24 17:30:17','1','2022-01-24 17:31:36','1'),
(113,'B848.4','信念、意志、行为',67,1,'','',1,'2022-01-24 17:30:17','1','2022-01-24 17:31:36','1'),
(114,'B848.5','智力、智慧',67,1,'','',1,'2022-01-24 17:30:17','1','2022-01-24 17:31:36','1'),
(115,'B848.6','性格',67,1,'','',1,'2022-01-24 17:30:17','1','2022-01-24 17:31:36','1'),
(116,'B848.8','个别差异',67,1,'','',1,'2022-01-24 17:30:17','1','2022-01-24 17:31:36','1'),
(117,'B849','应用心理学',67,1,'','',1,'2022-01-24 17:30:17','1','2022-01-24 17:31:36','1'),
(118,'B9','无神论、宗教',67,1,'','',1,'2022-01-24 17:30:17','1','2022-01-24 17:31:36','1'),
(119,'B91','对宗教的分析和研究',67,1,'','',1,'2022-01-24 17:30:17','1','2022-01-24 17:31:36','1'),
(120,'B92','宗教理论与概况',67,1,'','',1,'2022-01-24 17:30:17','1','2022-01-24 17:31:36','1'),
(121,'B93','神话与原始宗教',67,1,'','',1,'2022-01-24 17:30:17','1','2022-01-24 17:31:36','1'),
(122,'B94','佛教',67,1,'','',1,'2022-01-24 17:30:17','1','2022-01-24 17:31:36','1'),
(123,'B95','道教',67,1,'','',1,'2022-01-24 17:30:17','1','2022-01-24 17:31:36','1'),
(124,'B96','伊斯兰教',67,1,'','',1,'2022-01-24 17:30:17','1','2022-01-24 17:31:36','1'),
(125,'B97','基督教',67,1,'','',1,'2022-01-24 17:30:17','1','2022-01-24 17:31:36','1'),
(126,'B98','其他宗教',67,1,'','',1,'2022-01-24 17:30:17','1','2022-01-24 17:31:36','1'),
(127,'B99','迷信术教',67,1,'','',1,'2022-01-24 17:30:17','1','2022-01-24 17:31:36','1'),
(128,'C','社会科学总论',-1,0,'','',1,'2022-01-24 17:30:17','1','2022-01-24 17:31:36','1'),
(129,'C0','社会科学理论与方法论',128,1,'','',1,'2022-01-24 17:30:17','1','2022-01-24 17:31:36','1'),
(130,'C01','科学研究的方针、政策',128,1,'','',1,'2022-01-24 17:30:17','1','2022-01-24 17:31:36','1'),
(131,'C02','科学的哲学思想',128,1,'','',1,'2022-01-24 17:30:17','1','2022-01-24 17:31:36','1'),
(132,'C03','科学的方法论',128,1,'','',1,'2022-01-24 17:30:17','1','2022-01-24 17:31:36','1'),
(133,'C04','术语规范及交流',128,1,'','',1,'2022-01-24 17:30:17','1','2022-01-24 17:31:36','1'),
(134,'C06','学派与学说',128,1,'','',1,'2022-01-24 17:30:17','1','2022-01-24 17:31:36','1'),
(135,'C09','社会科学史',128,1,'','',1,'2022-01-24 17:30:17','1','2022-01-24 17:31:36','1'),
(136,'C1','会科学现状、概况',128,1,'','',1,'2022-01-24 17:30:17','1','2022-01-24 17:31:36','1'),
(137,'C2','机关、团体、会议',128,1,'','',1,'2022-01-24 17:30:17','1','2022-01-24 17:31:36','1'),
(138,'C3','会科学研究方法',128,1,'','',1,'2022-01-24 17:30:17','1','2022-01-24 17:31:36','1'),
(139,'C4','会科学教育与普及',128,1,'','',1,'2022-01-24 17:30:17','1','2022-01-24 17:31:36','1'),
(140,'C49','社会科学普及读物',128,1,'','',1,'2022-01-24 17:30:17','1','2022-01-24 17:31:36','1'),
(141,'C5','社会科学丛书、文集、连续性出版物',128,1,'','',1,'2022-01-24 17:30:17','1','2022-01-24 17:31:36','1'),
(142,'C51','丛书（汇刻书）、文库',128,1,'','',1,'2022-01-24 17:30:17','1','2022-01-24 17:31:36','1'),
(143,'C52','全集、选集',128,1,'','',1,'2022-01-24 17:30:17','1','2022-01-24 17:31:36','1'),
(144,'C53','文集、会议录',128,1,'','',1,'2022-01-24 17:30:17','1','2022-01-24 17:31:36','1'),
(145,'C54','年鉴、年刊',128,1,'','',1,'2022-01-24 17:30:17','1','2022-01-24 17:31:36','1'),
(146,'C55','连续出版物',128,1,'','',1,'2022-01-24 17:30:17','1','2022-01-24 17:31:36','1'),
(147,'C6','社会科学参考工具书',128,1,'','',1,'2022-01-24 17:30:17','1','2022-01-24 17:31:36','1'),
(148,'C61','名词术语、辞典、百科全书（类书）',128,1,'','',1,'2022-01-24 17:30:17','1','2022-01-24 17:31:36','1'),
(149,'C62','手册、指南、一览表、年表',128,1,'','',1,'2022-01-24 17:30:17','1','2022-01-24 17:31:36','1'),
(150,'C7','社会科学文献检索工具书',128,1,'','',1,'2022-01-24 17:30:17','1','2022-01-24 17:31:36','1'),
(151,'C8','统计学',128,1,'','',1,'2022-01-24 17:30:17','1','2022-01-24 17:31:36','1'),
(152,'C91','社会学',128,1,'','',1,'2022-01-24 17:30:17','1','2022-01-24 17:31:36','1'),
(153,'C912','社会结构和社会关系',128,1,'','',1,'2022-01-24 17:30:17','1','2022-01-24 17:31:36','1'),
(154,'C912.1','个人（社会人）',128,1,'','',1,'2022-01-24 17:30:17','1','2022-01-24 17:31:36','1'),
(155,'C912.2','社会团体',128,1,'','',1,'2022-01-24 17:30:17','1','2022-01-24 17:31:36','1'),
(156,'C912.3','社会关系、社会制约',128,1,'','',1,'2022-01-24 17:30:17','1','2022-01-24 17:31:36','1'),
(157,'C912.4','文化人类学、社会人类学',128,1,'','',1,'2022-01-24 17:30:17','1','2022-01-24 17:31:36','1'),
(158,'C912.5','民族学',128,1,'','',1,'2022-01-24 17:30:17','1','2022-01-24 17:31:36','1'),
(159,'C912.6','社会心理、社会行为',128,1,'','',1,'2022-01-24 17:30:17','1','2022-01-24 17:31:36','1'),
(160,'C912.8','地区社会学',128,1,'','',1,'2022-01-24 17:30:17','1','2022-01-24 17:31:36','1'),
(161,'C913','社会生活和社会问题',128,1,'','',1,'2022-01-24 17:30:17','1','2022-01-24 17:31:36','1'),
(162,'C913.1','恋爱、家庭、婚姻',128,1,'','',1,'2022-01-24 17:30:17','1','2022-01-24 17:31:36','1'),
(163,'C913.2','职业',128,1,'','',1,'2022-01-24 17:30:17','1','2022-01-24 17:31:36','1'),
(164,'C913.3','生活与消费',128,1,'','',1,'2022-01-24 17:30:17','1','2022-01-24 17:31:36','1'),
(165,'C913.4','文教卫生',128,1,'','',1,'2022-01-24 17:30:17','1','2022-01-24 17:31:36','1'),
(166,'C913.5','青少年问题',128,1,'','',1,'2022-01-24 17:30:17','1','2022-01-24 17:31:36','1'),
(167,'C913.6','老年人问题',128,1,'','',1,'2022-01-24 17:30:17','1','2022-01-24 17:31:36','1'),
(168,'C913.68','妇女问题',128,1,'','',1,'2022-01-24 17:30:17','1','2022-01-24 17:31:36','1'),
(169,'C913.69','残疾人问题',128,1,'','',1,'2022-01-24 17:30:17','1','2022-01-24 17:31:36','1'),
(170,'C913.7','社会福利、救济、社会保障',128,1,'','',1,'2022-01-24 17:30:17','1','2022-01-24 17:31:36','1'),
(171,'C913.8','社会病态',128,1,'','',1,'2022-01-24 17:30:17','1','2022-01-24 17:31:36','1'),
(172,'C913.9','其他社会问题',128,1,'','',1,'2022-01-24 17:30:17','1','2022-01-24 17:31:36','1'),
(173,'C914','社会利益',128,1,'','',1,'2022-01-24 17:30:17','1','2022-01-24 17:31:36','1'),
(174,'C915','社会调查和分析',128,1,'','',1,'2022-01-24 17:30:17','1','2022-01-24 17:31:36','1'),
(175,'C92','人口学',128,1,'','',1,'2022-01-24 17:30:17','1','2022-01-24 17:31:36','1'),
(176,'C93','管理学',128,1,'','',1,'2022-01-24 17:30:17','1','2022-01-24 17:31:36','1'),
(177,'C931','管理',128,1,'','',1,'2022-01-24 17:30:17','1','2022-01-24 17:31:36','1'),
(178,'C931.4','办公室工作',128,1,'','',1,'2022-01-24 17:30:17','1','2022-01-24 17:31:36','1'),
(179,'C931.46','文书工作',128,1,'','',1,'2022-01-24 17:30:17','1','2022-01-24 17:31:36','1'),
(180,'C932','咨询学',128,1,'','',1,'2022-01-24 17:30:17','1','2022-01-24 17:31:36','1'),
(181,'C933','领导学',128,1,'','',1,'2022-01-24 17:30:17','1','2022-01-24 17:31:36','1'),
(182,'C934','决策学',128,1,'','',1,'2022-01-24 17:30:17','1','2022-01-24 17:31:36','1'),
(183,'C936','管理组织学',128,1,'','',1,'2022-01-24 17:30:17','1','2022-01-24 17:31:36','1'),
(184,'C939','应用管理学',128,1,'','',1,'2022-01-24 17:30:17','1','2022-01-24 17:31:36','1'),
(185,'C94','系统论（系统学、系统工程）',128,1,'','',1,'2022-01-24 17:30:17','1','2022-01-24 17:31:36','1'),
(186,'C96','人才学',128,1,'','',1,'2022-01-24 17:30:17','1','2022-01-24 17:31:36','1'),
(187,'C961','人才培养与人才选拔',128,1,'','',1,'2022-01-24 17:30:17','1','2022-01-24 17:31:36','1'),
(188,'C961.9','人才预测与人才规划',128,1,'','',1,'2022-01-24 17:30:17','1','2022-01-24 17:31:36','1'),
(189,'C962','人才管理',128,1,'','',1,'2022-01-24 17:30:17','1','2022-01-24 17:31:36','1'),
(190,'C963','人才智力开发',128,1,'','',1,'2022-01-24 17:30:17','1','2022-01-24 17:31:36','1'),
(191,'C964','世界各国人才调查及研究',128,1,'','',1,'2022-01-24 17:30:17','1','2022-01-24 17:31:36','1'),
(192,'C965','人才市场',128,1,'','',1,'2022-01-24 17:30:17','1','2022-01-24 17:31:36','1'),
(193,'C97','劳动科学',128,1,'','',1,'2022-01-24 17:30:17','1','2022-01-24 17:31:36','1'),
(194,'C970','劳动科学基础理论',128,1,'','',1,'2022-01-24 17:30:17','1','2022-01-24 17:31:36','1'),
(195,'C975','职业培训',128,1,'','',1,'2022-01-24 17:30:17','1','2022-01-24 17:31:36','1'),
(196,'C976.1','劳动社会学',128,1,'','',1,'2022-01-24 17:30:17','1','2022-01-24 17:31:36','1'),
(197,'C976.7','劳动计量学',128,1,'','',1,'2022-01-24 17:30:17','1','2022-01-24 17:31:36','1'),
(198,'C979','社会保障学',128,1,'','',1,'2022-01-24 17:30:17','1','2022-01-24 17:31:36','1'),
(199,'D','政治、法律',-1,0,'','',1,'2022-01-24 17:30:17','1','2022-01-24 17:31:36','1'),
(200,'D0','政治理论',199,1,'','',1,'2022-01-24 17:30:17','1','2022-01-24 17:31:36','1'),
(201,'D0-0','科学社会主义理论（总论）',199,1,'','',1,'2022-01-24 17:30:17','1','2022-01-24 17:31:36','1'),
(202,'D01','阶级、阶级斗争理论',199,1,'','',1,'2022-01-24 17:30:17','1','2022-01-24 17:31:36','1'),
(203,'D02','革命理论',199,1,'','',1,'2022-01-24 17:30:17','1','2022-01-24 17:31:36','1'),
(204,'D03','国家理论',199,1,'','',1,'2022-01-24 17:30:17','1','2022-01-24 17:31:36','1'),
(205,'D035','国家行政管理',199,1,'','',1,'2022-01-24 17:30:17','1','2022-01-24 17:31:36','1'),
(206,'D04','无产阶级革命与无产阶级专政理论',199,1,'','',1,'2022-01-24 17:30:17','1','2022-01-24 17:31:36','1'),
(207,'D05','政党理论',199,1,'','',1,'2022-01-24 17:30:17','1','2022-01-24 17:31:36','1'),
(208,'D06','民族、殖民地问题理论',199,1,'','',1,'2022-01-24 17:30:17','1','2022-01-24 17:31:36','1'),
(209,'D068','战争与和平问题理论',199,1,'','',1,'2022-01-24 17:30:17','1','2022-01-24 17:31:36','1'),
(210,'D07','政治流派和思潮',199,1,'','',1,'2022-01-24 17:30:17','1','2022-01-24 17:31:36','1'),
(211,'D08','其他政治理论问题',199,1,'','',1,'2022-01-24 17:30:17','1','2022-01-24 17:31:36','1'),
(212,'D09','政治学史、政治思想史',199,1,'','',1,'2022-01-24 17:30:17','1','2022-01-24 17:31:36','1'),
(213,'D1','国际共产主义运动',199,1,'','',1,'2022-01-24 17:30:17','1','2022-01-24 17:31:36','1'),
(214,'D2','中国共产党',199,1,'','',1,'2022-01-24 17:30:17','1','2022-01-24 17:31:36','1'),
(215,'D2-0','党的领导人著作',199,1,'','',1,'2022-01-24 17:30:17','1','2022-01-24 17:31:36','1'),
(216,'D20','建党理论',199,1,'','',1,'2022-01-24 17:30:17','1','2022-01-24 17:31:36','1'),
(217,'D21','党章',199,1,'','',1,'2022-01-24 17:30:17','1','2022-01-24 17:31:36','1'),
(218,'D22','党的组织、会议及文献',199,1,'','',1,'2022-01-24 17:30:17','1','2022-01-24 17:31:36','1'),
(219,'D229','会议文献参考资料',199,1,'','',1,'2022-01-24 17:30:17','1','2022-01-24 17:31:36','1'),
(220,'D23','党史',199,1,'','',1,'2022-01-24 17:30:17','1','2022-01-24 17:31:36','1'),
(221,'D239','党史参考资料',199,1,'','',1,'2022-01-24 17:30:17','1','2022-01-24 17:31:36','1'),
(222,'D24','党的总路线和总政策',199,1,'','',1,'2022-01-24 17:30:17','1','2022-01-24 17:31:36','1'),
(223,'D25','党的领导',199,1,'','',1,'2022-01-24 17:30:17','1','2022-01-24 17:31:36','1'),
(224,'D26','党的建设',199,1,'','',1,'2022-01-24 17:30:17','1','2022-01-24 17:31:36','1'),
(225,'D261','思想建设',199,1,'','',1,'2022-01-24 17:30:17','1','2022-01-24 17:31:36','1'),
(226,'D262','组织建设',199,1,'','',1,'2022-01-24 17:30:17','1','2022-01-24 17:31:36','1'),
(227,'D263','党员',199,1,'','',1,'2022-01-24 17:30:17','1','2022-01-24 17:31:36','1'),
(228,'D264','整风整党运动',199,1,'','',1,'2022-01-24 17:30:17','1','2022-01-24 17:31:36','1'),
(229,'D27','中国共产党与各国共产党的关系',199,1,'','',1,'2022-01-24 17:30:17','1','2022-01-24 17:31:36','1'),
(230,'D29','中国共产主义青年团',199,1,'','',1,'2022-01-24 17:30:17','1','2022-01-24 17:31:36','1'),
(231,'D33','亚洲各国共产党',199,1,'','',1,'2022-01-24 17:30:17','1','2022-01-24 17:31:36','1'),
(232,'D34','非洲各国共产党',199,1,'','',1,'2022-01-24 17:30:17','1','2022-01-24 17:31:36','1'),
(233,'D35','欧洲各国共产党',199,1,'','',1,'2022-01-24 17:30:17','1','2022-01-24 17:31:36','1'),
(234,'D36','大洋洲各国共产党',199,1,'','',1,'2022-01-24 17:30:17','1','2022-01-24 17:31:36','1'),
(235,'D37','美洲各国共产党',199,1,'','',1,'2022-01-24 17:30:17','1','2022-01-24 17:31:36','1'),
(236,'D4','工人、农民、青年、妇女运动与组织',199,1,'','',1,'2022-01-24 17:30:17','1','2022-01-24 17:31:36','1'),
(237,'D41','工人运动与组织',199,1,'','',1,'2022-01-24 17:30:17','1','2022-01-24 17:31:36','1'),
(238,'D42','农民运动与组织',199,1,'','',1,'2022-01-24 17:30:17','1','2022-01-24 17:31:36','1'),
(239,'D43','青年、学生运动与组织',199,1,'','',1,'2022-01-24 17:30:17','1','2022-01-24 17:31:36','1'),
(240,'D431','世界青年学生运动与组织',199,1,'','',1,'2022-01-24 17:30:17','1','2022-01-24 17:31:36','1'),
(241,'D432','中国青年学生运动与组织',199,1,'','',1,'2022-01-24 17:30:17','1','2022-01-24 17:31:36','1'),
(242,'D44','妇女运动与组织',199,1,'','',1,'2022-01-24 17:30:17','1','2022-01-24 17:31:36','1'),
(243,'D441','世界妇女运动与组织',199,1,'','',1,'2022-01-24 17:30:17','1','2022-01-24 17:31:36','1'),
(244,'D442','中国妇女运动与组织',199,1,'','',1,'2022-01-24 17:30:17','1','2022-01-24 17:31:36','1'),
(245,'D5','世界政治',199,1,'','',1,'2022-01-24 17:30:17','1','2022-01-24 17:31:36','1'),
(246,'D50','世界政治概况',199,1,'','',1,'2022-01-24 17:30:17','1','2022-01-24 17:31:36','1'),
(247,'D51','世界人民革命斗争',199,1,'','',1,'2022-01-24 17:30:17','1','2022-01-24 17:31:36','1'),
(248,'D52','世界政治制度与国家机构',199,1,'','',1,'2022-01-24 17:30:17','1','2022-01-24 17:31:36','1'),
(249,'D55','世界政治事件',199,1,'','',1,'2022-01-24 17:30:17','1','2022-01-24 17:31:36','1'),
(250,'D56','世界社会结构',199,1,'','',1,'2022-01-24 17:30:17','1','2022-01-24 17:31:36','1'),
(251,'D57','社会福利与社会救济',199,1,'','',1,'2022-01-24 17:30:17','1','2022-01-24 17:31:36','1'),
(252,'D58','社会问题',199,1,'','',1,'2022-01-24 17:30:17','1','2022-01-24 17:31:36','1'),
(253,'D59','世界政治制度史',199,1,'','',1,'2022-01-24 17:30:17','1','2022-01-24 17:31:36','1'),
(254,'D6','中国政治',199,1,'','',1,'2022-01-24 17:30:17','1','2022-01-24 17:31:36','1'),
(255,'D60','政策、政论',199,1,'','',1,'2022-01-24 17:30:17','1','2022-01-24 17:31:36','1'),
(256,'D609','报刊社论',199,1,'','',1,'2022-01-24 17:30:17','1','2022-01-24 17:31:36','1'),
(257,'D61','中国革命和建设问题',199,1,'','',1,'2022-01-24 17:30:17','1','2022-01-24 17:31:36','1'),
(258,'D62','政治制度与国家机构',199,1,'','',1,'2022-01-24 17:30:17','1','2022-01-24 17:31:36','1'),
(259,'D621.6','国家表征',199,1,'','',1,'2022-01-24 17:30:17','1','2022-01-24 17:31:36','1'),
(260,'D63','国家行政管理',199,1,'','',1,'2022-01-24 17:30:17','1','2022-01-24 17:31:36','1'),
(261,'D632.1','社会保障与社会福利',199,1,'','',1,'2022-01-24 17:30:17','1','2022-01-24 17:31:36','1'),
(262,'D64','政治思想教育',199,1,'','',1,'2022-01-24 17:30:17','1','2022-01-24 17:31:36','1'),
(263,'D642','革命传统教育',199,1,'','',1,'2022-01-24 17:30:17','1','2022-01-24 17:31:36','1'),
(264,'D643','形势教育',199,1,'','',1,'2022-01-24 17:30:17','1','2022-01-24 17:31:36','1'),
(265,'D647','国际主义、爱国主义教育',199,1,'','',1,'2022-01-24 17:30:17','1','2022-01-24 17:31:36','1'),
(266,'D648','共产主义教育',199,1,'','',1,'2022-01-24 17:30:17','1','2022-01-24 17:31:36','1'),
(267,'D648.1','职业道德教育',199,1,'','',1,'2022-01-24 17:30:17','1','2022-01-24 17:31:36','1'),
(268,'D648.2','集体主义、革命纪律教育',199,1,'','',1,'2022-01-24 17:30:17','1','2022-01-24 17:31:36','1'),
(269,'D648.3','社会公德教育',199,1,'','',1,'2022-01-24 17:30:17','1','2022-01-24 17:31:36','1'),
(270,'D648.4','革命英雄主义、革命乐观主义教育',199,1,'','',1,'2022-01-24 17:30:17','1','2022-01-24 17:31:36','1'),
(271,'D649','家庭、婚姻道德教育',199,1,'','',1,'2022-01-24 17:30:17','1','2022-01-24 17:31:36','1'),
(272,'D65','政治运动、政治事件',199,1,'','',1,'2022-01-24 17:30:17','1','2022-01-24 17:31:36','1'),
(273,'D66','阶级结构与社会结构',199,1,'','',1,'2022-01-24 17:30:17','1','2022-01-24 17:31:36','1'),
(274,'D668','社会调查和社会分析',199,1,'','',1,'2022-01-24 17:30:17','1','2022-01-24 17:31:36','1'),
(275,'D669','社会生活与问题',199,1,'','',1,'2022-01-24 17:30:17','1','2022-01-24 17:31:36','1'),
(276,'D669.1','恋爱、家庭婚姻',199,1,'','',1,'2022-01-24 17:30:17','1','2022-01-24 17:31:36','1'),
(277,'D669.2','职业',199,1,'','',1,'2022-01-24 17:30:17','1','2022-01-24 17:31:36','1'),
(278,'D669.3','生活、居住',199,1,'','',1,'2022-01-24 17:30:17','1','2022-01-24 17:31:36','1'),
(279,'D669.5','青少年',199,1,'','',1,'2022-01-24 17:30:17','1','2022-01-24 17:31:36','1'),
(280,'D669.6','老年',199,1,'','',1,'2022-01-24 17:30:17','1','2022-01-24 17:31:36','1'),
(281,'D669.68','妇女',199,1,'','',1,'2022-01-24 17:30:17','1','2022-01-24 17:31:36','1'),
(282,'D669.69','残疾人',199,1,'','',1,'2022-01-24 17:30:17','1','2022-01-24 17:31:36','1'),
(283,'D669.7','社会福利',199,1,'','',1,'2022-01-24 17:30:17','1','2022-01-24 17:31:36','1'),
(284,'D669.9','其他',199,1,'','',1,'2022-01-24 17:30:17','1','2022-01-24 17:31:36','1'),
(285,'D67','地方政治概况',199,1,'','',1,'2022-01-24 17:30:17','1','2022-01-24 17:31:36','1'),
(286,'D675.8','台湾政治概况',199,1,'','',1,'2022-01-24 17:30:17','1','2022-01-24 17:31:36','1'),
(287,'D676.58','香港政治概况',199,1,'','',1,'2022-01-24 17:30:17','1','2022-01-24 17:31:36','1'),
(288,'D676.59','澳门政治概况',199,1,'','',1,'2022-01-24 17:30:17','1','2022-01-24 17:31:36','1'),
(289,'D69','政治制度史',199,1,'','',1,'2022-01-24 17:30:17','1','2022-01-24 17:31:36','1'),
(290,'D691','清及清以前政治',199,1,'','',1,'2022-01-24 17:30:17','1','2022-01-24 17:31:36','1'),
(291,'D693','民国时代政治',199,1,'','',1,'2022-01-24 17:30:17','1','2022-01-24 17:31:36','1'),
(292,'D73','亚洲各国政治',199,1,'','',1,'2022-01-24 17:30:17','1','2022-01-24 17:31:36','1'),
(293,'D74','非洲各国政治',199,1,'','',1,'2022-01-24 17:30:17','1','2022-01-24 17:31:36','1'),
(294,'D75','欧洲各国政治',199,1,'','',1,'2022-01-24 17:30:17','1','2022-01-24 17:31:36','1'),
(295,'D76','大洋洲各国政治',199,1,'','',1,'2022-01-24 17:30:17','1','2022-01-24 17:31:36','1'),
(296,'D77','美洲各国政治',199,1,'','',1,'2022-01-24 17:30:17','1','2022-01-24 17:31:36','1'),
(297,'D731.3','日本政治',199,1,'','',1,'2022-01-24 17:30:17','1','2022-01-24 17:31:36','1'),
(298,'D751.2','苏联政治',199,1,'','',1,'2022-01-24 17:30:17','1','2022-01-24 17:31:36','1'),
(299,'D751.6','德国政治',199,1,'','',1,'2022-01-24 17:30:17','1','2022-01-24 17:31:36','1'),
(300,'D756.1','英国政治',199,1,'','',1,'2022-01-24 17:30:17','1','2022-01-24 17:31:36','1'),
(301,'D756.5','法国政治',199,1,'','',1,'2022-01-24 17:30:17','1','2022-01-24 17:31:36','1'),
(302,'D771.2','美国政治',199,1,'','',1,'2022-01-24 17:30:17','1','2022-01-24 17:31:36','1'),
(303,'D8','外交、国际关系',199,1,'','',1,'2022-01-24 17:30:17','1','2022-01-24 17:31:36','1'),
(304,'D80','外交、国际关系理论',199,1,'','',1,'2022-01-24 17:30:17','1','2022-01-24 17:31:36','1'),
(305,'D81','国际关系',199,1,'','',1,'2022-01-24 17:30:17','1','2022-01-24 17:31:36','1'),
(306,'D82','中国外交',199,1,'','',1,'2022-01-24 17:30:17','1','2022-01-24 17:31:36','1'),
(307,'D83','亚洲外交',199,1,'','',1,'2022-01-24 17:30:17','1','2022-01-24 17:31:36','1'),
(308,'D84','非洲外交',199,1,'','',1,'2022-01-24 17:30:17','1','2022-01-24 17:31:36','1'),
(309,'D85','欧洲外交',199,1,'','',1,'2022-01-24 17:30:17','1','2022-01-24 17:31:36','1'),
(310,'D86','大洋洲外交',199,1,'','',1,'2022-01-24 17:30:17','1','2022-01-24 17:31:36','1'),
(311,'D87','美洲外交',199,1,'','',1,'2022-01-24 17:30:17','1','2022-01-24 17:31:36','1'),
(312,'D9','法律',199,1,'','',1,'2022-01-24 17:30:17','1','2022-01-24 17:31:36','1'),
(313,'D9-49','法律普及读物',199,1,'','',1,'2022-01-24 17:30:17','1','2022-01-24 17:31:36','1'),
(314,'D90','法的理论（法学）',199,1,'','',1,'2022-01-24 17:30:17','1','2022-01-24 17:31:36','1'),
(315,'D91','法学各部门',199,1,'','',1,'2022-01-24 17:30:17','1','2022-01-24 17:31:36','1'),
(316,'D92','中国法律',199,1,'','',1,'2022-01-24 17:30:17','1','2022-01-24 17:31:36','1'),
(317,'D920.0','理论',199,1,'','',1,'2022-01-24 17:30:17','1','2022-01-24 17:31:36','1'),
(318,'D920.1','方针、政策及其阐述',199,1,'','',1,'2022-01-24 17:30:17','1','2022-01-24 17:31:36','1'),
(319,'D920.5','解释、案例',199,1,'','',1,'2022-01-24 17:30:17','1','2022-01-24 17:31:36','1'),
(320,'D920.9','法律汇编',199,1,'','',1,'2022-01-24 17:30:17','1','2022-01-24 17:31:36','1'),
(321,'D921','国家法、宪法',199,1,'','',1,'2022-01-24 17:30:17','1','2022-01-24 17:31:36','1'),
(322,'D921.1','国家机构组织法',199,1,'','',1,'2022-01-24 17:30:17','1','2022-01-24 17:31:36','1'),
(323,'D921.2','选举法',199,1,'','',1,'2022-01-24 17:30:17','1','2022-01-24 17:31:36','1'),
(324,'D921.8','地方自治法',199,1,'','',1,'2022-01-24 17:30:17','1','2022-01-24 17:31:36','1'),
(325,'D921.9','特别行政区基本法',199,1,'','',1,'2022-01-24 17:30:17','1','2022-01-24 17:31:36','1'),
(326,'D922.1','行政法、行政管理法',199,1,'','',1,'2022-01-24 17:30:17','1','2022-01-24 17:31:36','1'),
(327,'D922.2','财政法',199,1,'','',1,'2022-01-24 17:30:17','1','2022-01-24 17:31:36','1'),
(328,'D922.28','金融法',199,1,'','',1,'2022-01-24 17:30:17','1','2022-01-24 17:31:36','1'),
(329,'D922.281','银行法',199,1,'','',1,'2022-01-24 17:30:17','1','2022-01-24 17:31:36','1'),
(330,'D922.282','信托、信贷法',199,1,'','',1,'2022-01-24 17:30:17','1','2022-01-24 17:31:36','1'),
(331,'D922.284','保险法',199,1,'','',1,'2022-01-24 17:30:17','1','2022-01-24 17:31:36','1'),
(332,'D922.285','货币管理法令',199,1,'','',1,'2022-01-24 17:30:17','1','2022-01-24 17:31:36','1'),
(333,'D922.286','外汇管理法令',199,1,'','',1,'2022-01-24 17:30:17','1','2022-01-24 17:31:36','1'),
(334,'D922.287','证券管理法令',199,1,'','',1,'2022-01-24 17:30:17','1','2022-01-24 17:31:36','1'),
(335,'D922.29','经济法',199,1,'','',1,'2022-01-24 17:30:17','1','2022-01-24 17:31:36','1'),
(336,'D922.3','土地法',199,1,'','',1,'2022-01-24 17:30:17','1','2022-01-24 17:31:36','1'),
(337,'D922.4','农业经济管理法令',199,1,'','',1,'2022-01-24 17:30:17','1','2022-01-24 17:31:36','1'),
(338,'D922.5','劳动法',199,1,'','',1,'2022-01-24 17:30:17','1','2022-01-24 17:31:36','1'),
(339,'D922.6','自然资源与环境保护法',199,1,'','',1,'2022-01-24 17:30:17','1','2022-01-24 17:31:36','1'),
(340,'D923','民法',199,1,'','',1,'2022-01-24 17:30:17','1','2022-01-24 17:31:36','1'),
(341,'D923.2','物权',199,1,'','',1,'2022-01-24 17:30:17','1','2022-01-24 17:31:36','1'),
(342,'D923.3','债权',199,1,'','',1,'2022-01-24 17:30:17','1','2022-01-24 17:31:36','1'),
(343,'D923.4','知识产权',199,1,'','',1,'2022-01-24 17:30:17','1','2022-01-24 17:31:36','1'),
(344,'D923.5','继承法',199,1,'','',1,'2022-01-24 17:30:17','1','2022-01-24 17:31:36','1'),
(345,'D923.6','合同法',199,1,'','',1,'2022-01-24 17:30:17','1','2022-01-24 17:31:36','1'),
(346,'D923.8','民事其他法权',199,1,'','',1,'2022-01-24 17:30:17','1','2022-01-24 17:31:36','1'),
(347,'D923.9','婚姻法',199,1,'','',1,'2022-01-24 17:30:17','1','2022-01-24 17:31:36','1'),
(348,'D924','刑法',199,1,'','',1,'2022-01-24 17:30:17','1','2022-01-24 17:31:36','1'),
(349,'D925','诉讼法',199,1,'','',1,'2022-01-24 17:30:17','1','2022-01-24 17:31:36','1'),
(350,'D926','司法制度',199,1,'','',1,'2022-01-24 17:30:17','1','2022-01-24 17:31:36','1'),
(351,'D927','地方法制',199,1,'','',1,'2022-01-24 17:30:17','1','2022-01-24 17:31:36','1'),
(352,'D929','中国法制史',199,1,'','',1,'2022-01-24 17:30:17','1','2022-01-24 17:31:36','1'),
(353,'D93','亚洲各国法律',199,1,'','',1,'2022-01-24 17:30:17','1','2022-01-24 17:31:36','1'),
(354,'D94','非洲各国法律',199,1,'','',1,'2022-01-24 17:30:17','1','2022-01-24 17:31:36','1'),
(355,'D95','欧洲各国法律',199,1,'','',1,'2022-01-24 17:30:17','1','2022-01-24 17:31:36','1'),
(356,'D96','大洋洲各国法律',199,1,'','',1,'2022-01-24 17:30:17','1','2022-01-24 17:31:36','1'),
(357,'D97','美洲各国法律',199,1,'','',1,'2022-01-24 17:30:17','1','2022-01-24 17:31:36','1'),
(358,'D99','国际法',199,1,'','',1,'2022-01-24 17:30:17','1','2022-01-24 17:31:36','1'),
(359,'D990','国际法理论',199,1,'','',1,'2022-01-24 17:30:17','1','2022-01-24 17:31:36','1'),
(360,'D993','领土',199,1,'','',1,'2022-01-24 17:30:17','1','2022-01-24 17:31:36','1'),
(361,'D994','平时国际法',199,1,'','',1,'2022-01-24 17:30:17','1','2022-01-24 17:31:36','1'),
(362,'D995','战时国际法（战争法）',199,1,'','',1,'2022-01-24 17:30:17','1','2022-01-24 17:31:36','1'),
(363,'D996','国际经济法',199,1,'','',1,'2022-01-24 17:30:17','1','2022-01-24 17:31:36','1'),
(364,'D997','国际私法',199,1,'','',1,'2022-01-24 17:30:17','1','2022-01-24 17:31:36','1'),
(365,'E','军事',-1,0,'','',1,'2022-01-24 17:30:17','1','2022-01-24 17:31:36','1'),
(366,'E0','军事理论',365,1,'','',1,'2022-01-24 17:30:17','1','2022-01-24 17:31:36','1'),
(367,'E1','世界军事',365,1,'','',1,'2022-01-24 17:30:17','1','2022-01-24 17:31:36','1'),
(368,'E1-49','世界军事普及读物',365,1,'','',1,'2022-01-24 17:30:17','1','2022-01-24 17:31:36','1'),
(369,'E12','军事制度',365,1,'','',1,'2022-01-24 17:30:17','1','2022-01-24 17:31:36','1'),
(370,'E13','军事教育与训练',365,1,'','',1,'2022-01-24 17:30:17','1','2022-01-24 17:31:36','1'),
(371,'E14','军事后方勤务',365,1,'','',1,'2022-01-24 17:30:17','1','2022-01-24 17:31:36','1'),
(372,'E15','各种武装力量（各军、兵种）',365,1,'','',1,'2022-01-24 17:30:17','1','2022-01-24 17:31:36','1'),
(373,'E16','军事组织与活动',365,1,'','',1,'2022-01-24 17:30:17','1','2022-01-24 17:31:36','1'),
(374,'E19','军事史',365,1,'','',1,'2022-01-24 17:30:17','1','2022-01-24 17:31:36','1'),
(375,'E2','中国军事',365,1,'','',1,'2022-01-24 17:30:17','1','2022-01-24 17:31:36','1'),
(376,'E20','建军理论',365,1,'','',1,'2022-01-24 17:30:17','1','2022-01-24 17:31:36','1'),
(377,'E21','司令部工作',365,1,'','',1,'2022-01-24 17:30:17','1','2022-01-24 17:31:36','1'),
(378,'E22','政治工作',365,1,'','',1,'2022-01-24 17:30:17','1','2022-01-24 17:31:36','1'),
(379,'E23','军事后勤',365,1,'','',1,'2022-01-24 17:30:17','1','2022-01-24 17:31:36','1'),
(380,'E24','生产建设工作',365,1,'','',1,'2022-01-24 17:30:17','1','2022-01-24 17:31:36','1'),
(381,'E25','国防建设与战备',365,1,'','',1,'2022-01-24 17:30:17','1','2022-01-24 17:31:36','1'),
(382,'E26','军事制度',365,1,'','',1,'2022-01-24 17:30:17','1','2022-01-24 17:31:36','1'),
(383,'E27','各种武装力量（各军、兵种）',365,1,'','',1,'2022-01-24 17:30:17','1','2022-01-24 17:31:36','1'),
(384,'E28','民兵',365,1,'','',1,'2022-01-24 17:30:17','1','2022-01-24 17:31:36','1'),
(385,'E289','地方军事',365,1,'','',1,'2022-01-24 17:30:17','1','2022-01-24 17:31:36','1'),
(386,'E289.58','台湾军事',365,1,'','',1,'2022-01-24 17:30:17','1','2022-01-24 17:31:36','1'),
(387,'E29','军事史（战史、建军史）',365,1,'','',1,'2022-01-24 17:30:17','1','2022-01-24 17:31:36','1'),
(388,'E297','中国人民解放军军事史',365,1,'','',1,'2022-01-24 17:30:17','1','2022-01-24 17:31:36','1'),
(389,'E297.1','北伐战争时期',365,1,'','',1,'2022-01-24 17:30:17','1','2022-01-24 17:31:36','1'),
(390,'E297.2','土地革命战争时期',365,1,'','',1,'2022-01-24 17:30:17','1','2022-01-24 17:31:36','1'),
(391,'E297.3','抗日战争时期',365,1,'','',1,'2022-01-24 17:30:17','1','2022-01-24 17:31:36','1'),
(392,'E297.4','解放战争时期',365,1,'','',1,'2022-01-24 17:30:17','1','2022-01-24 17:31:36','1'),
(393,'E297.5','社会主义革命和社会主义建设时期',365,1,'','',1,'2022-01-24 17:30:17','1','2022-01-24 17:31:36','1'),
(394,'E2-49','中国军事普及读物',365,1,'','',1,'2022-01-24 17:30:17','1','2022-01-24 17:31:36','1'),
(395,'E3','亚洲军事',365,1,'','',1,'2022-01-24 17:30:17','1','2022-01-24 17:31:36','1'),
(396,'E4','非洲军事',365,1,'','',1,'2022-01-24 17:30:17','1','2022-01-24 17:31:36','1'),
(397,'E5','欧洲军事',365,1,'','',1,'2022-01-24 17:30:17','1','2022-01-24 17:31:36','1'),
(398,'E6','大洋洲军事',365,1,'','',1,'2022-01-24 17:30:17','1','2022-01-24 17:31:36','1'),
(399,'E7','美洲军事',365,1,'','',1,'2022-01-24 17:30:17','1','2022-01-24 17:31:36','1'),
(400,'E8','战略、战役、战术',365,1,'','',1,'2022-01-24 17:30:17','1','2022-01-24 17:31:36','1'),
(401,'E81','战略学',365,1,'','',1,'2022-01-24 17:30:17','1','2022-01-24 17:31:36','1'),
(402,'E82','战役学',365,1,'','',1,'2022-01-24 17:30:17','1','2022-01-24 17:31:36','1'),
(403,'E83','战术学',365,1,'','',1,'2022-01-24 17:30:17','1','2022-01-24 17:31:36','1'),
(404,'E86','非常规战争',365,1,'','',1,'2022-01-24 17:30:17','1','2022-01-24 17:31:36','1'),
(405,'E87','军事情报',365,1,'','',1,'2022-01-24 17:30:17','1','2022-01-24 17:31:36','1'),
(406,'E89','古代兵法、战法',365,1,'','',1,'2022-01-24 17:30:17','1','2022-01-24 17:31:36','1'),
(407,'E892','中国',365,1,'','',1,'2022-01-24 17:30:17','1','2022-01-24 17:31:36','1'),
(408,'E9','军事技术',365,1,'','',1,'2022-01-24 17:30:17','1','2022-01-24 17:31:36','1'),
(409,'E91','军事技术基础科学',365,1,'','',1,'2022-01-24 17:30:17','1','2022-01-24 17:31:36','1'),
(410,'E92','武器、军用器材',365,1,'','',1,'2022-01-24 17:30:17','1','2022-01-24 17:31:36','1'),
(411,'E95','军事工程',365,1,'','',1,'2022-01-24 17:30:17','1','2022-01-24 17:31:36','1'),
(412,'E96','军事通信',365,1,'','',1,'2022-01-24 17:30:17','1','2022-01-24 17:31:36','1'),
(413,'E99','军事地形学、军事地理学',365,1,'','',1,'2022-01-24 17:30:17','1','2022-01-24 17:31:36','1'),
(414,'F','经济',-1,0,'','',1,'2022-01-24 17:30:17','1','2022-01-24 17:31:36','1'),
(415,'F0','政治经济学',414,1,'','',1,'2022-01-24 17:30:17','1','2022-01-24 17:31:36','1'),
(416,'F0-0','马克思主义政治经济学',414,1,'','',1,'2022-01-24 17:30:17','1','2022-01-24 17:31:36','1'),
(417,'F01','经济学基本问题',414,1,'','',1,'2022-01-24 17:30:17','1','2022-01-24 17:31:36','1'),
(418,'F02','前资本主义社会生产方式',414,1,'','',1,'2022-01-24 17:30:17','1','2022-01-24 17:31:36','1'),
(419,'F03','资本主义社会生产方式',414,1,'','',1,'2022-01-24 17:30:17','1','2022-01-24 17:31:36','1'),
(420,'F04','社会主义社会生产方式',414,1,'','',1,'2022-01-24 17:30:17','1','2022-01-24 17:31:36','1'),
(421,'F05','共产主义社会生产方式',414,1,'','',1,'2022-01-24 17:30:17','1','2022-01-24 17:31:36','1'),
(422,'F06','经济学分支科学',414,1,'','',1,'2022-01-24 17:30:17','1','2022-01-24 17:31:36','1'),
(423,'F061.2','增长经济学',414,1,'','',1,'2022-01-24 17:30:17','1','2022-01-24 17:31:36','1'),
(424,'F061.3','发展经济学',414,1,'','',1,'2022-01-24 17:30:17','1','2022-01-24 17:31:36','1'),
(425,'F062.1','资源经济学',414,1,'','',1,'2022-01-24 17:30:17','1','2022-01-24 17:31:36','1'),
(426,'F062.2','生态经济学',414,1,'','',1,'2022-01-24 17:30:17','1','2022-01-24 17:31:36','1'),
(427,'F062.3','科学经济学、知识经济学',414,1,'','',1,'2022-01-24 17:30:17','1','2022-01-24 17:31:36','1'),
(428,'F062.4','技术经济学',414,1,'','',1,'2022-01-24 17:30:17','1','2022-01-24 17:31:36','1'),
(429,'F062.5','信息经济学',414,1,'','',1,'2022-01-24 17:30:17','1','2022-01-24 17:31:36','1'),
(430,'F062.9','产业经济学',414,1,'','',1,'2022-01-24 17:30:17','1','2022-01-24 17:31:36','1'),
(431,'F063.1','非生产领域经济学',414,1,'','',1,'2022-01-24 17:30:17','1','2022-01-24 17:31:36','1'),
(432,'F063.4','家庭经济学',414,1,'','',1,'2022-01-24 17:30:17','1','2022-01-24 17:31:36','1'),
(433,'F069.9','其他',414,1,'','',1,'2022-01-24 17:30:17','1','2022-01-24 17:31:36','1'),
(434,'F09','经济思想史',414,1,'','',1,'2022-01-24 17:30:17','1','2022-01-24 17:31:36','1'),
(435,'F091','世界',414,1,'','',1,'2022-01-24 17:30:17','1','2022-01-24 17:31:36','1'),
(436,'F091.9','马克思列宁主义经济思想',414,1,'','',1,'2022-01-24 17:30:17','1','2022-01-24 17:31:36','1'),
(437,'F091.93','毛泽东、邓小平经济思想',414,1,'','',1,'2022-01-24 17:30:17','1','2022-01-24 17:31:36','1'),
(438,'F092','中国经济思想',414,1,'','',1,'2022-01-24 17:30:17','1','2022-01-24 17:31:36','1'),
(439,'F1','世界各国经济概况、经济史、经济地理',414,1,'','',1,'2022-01-24 17:30:17','1','2022-01-24 17:31:36','1'),
(440,'F11','世界经济、国际经济关系',414,1,'','',1,'2022-01-24 17:30:17','1','2022-01-24 17:31:36','1'),
(441,'F12','中国经济',414,1,'','',1,'2022-01-24 17:30:17','1','2022-01-24 17:31:36','1'),
(442,'F120','方针政策及其阐述',414,1,'','',1,'2022-01-24 17:30:17','1','2022-01-24 17:31:36','1'),
(443,'F120.2','中国社会主义经济基本理论',414,1,'','',1,'2022-01-24 17:30:17','1','2022-01-24 17:31:36','1'),
(444,'F120.3','经济发展道路模式',414,1,'','',1,'2022-01-24 17:30:17','1','2022-01-24 17:31:36','1'),
(445,'F120.4','经济发展基础',414,1,'','',1,'2022-01-24 17:30:17','1','2022-01-24 17:31:36','1'),
(446,'F121','社会经济结构与体制',414,1,'','',1,'2022-01-24 17:30:17','1','2022-01-24 17:31:36','1'),
(447,'F123','国民经济计划和管理',414,1,'','',1,'2022-01-24 17:30:17','1','2022-01-24 17:31:36','1'),
(448,'F123.1','计划管理',414,1,'','',1,'2022-01-24 17:30:17','1','2022-01-24 17:31:36','1'),
(449,'F123.13','计划调节',414,1,'','',1,'2022-01-24 17:30:17','1','2022-01-24 17:31:36','1'),
(450,'F123.2','远景规划',414,1,'','',1,'2022-01-24 17:30:17','1','2022-01-24 17:31:36','1'),
(451,'F123.3','国民经济发展综合计划',414,1,'','',1,'2022-01-24 17:30:17','1','2022-01-24 17:31:36','1'),
(452,'F123.7','国有资产管理与评估',414,1,'','',1,'2022-01-24 17:30:17','1','2022-01-24 17:31:36','1'),
(453,'F123.9','市场机制与市场调节',414,1,'','',1,'2022-01-24 17:30:17','1','2022-01-24 17:31:36','1'),
(454,'F124','经济建设和发展',414,1,'','',1,'2022-01-24 17:30:17','1','2022-01-24 17:31:36','1'),
(455,'F124.5','资源开发与利用',414,1,'','',1,'2022-01-24 17:30:17','1','2022-01-24 17:31:36','1'),
(456,'F124.6','提高经济效益',414,1,'','',1,'2022-01-24 17:30:17','1','2022-01-24 17:31:36','1'),
(457,'F124.7','国民收入、国民财富',414,1,'','',1,'2022-01-24 17:30:17','1','2022-01-24 17:31:36','1'),
(458,'F124.8','经济波动',414,1,'','',1,'2022-01-24 17:30:17','1','2022-01-24 17:31:36','1'),
(459,'F125','对外经济关系',414,1,'','',1,'2022-01-24 17:30:17','1','2022-01-24 17:31:36','1'),
(460,'F126','人民生活状况',414,1,'','',1,'2022-01-24 17:30:17','1','2022-01-24 17:31:36','1'),
(461,'F127','地方经济',414,1,'','',1,'2022-01-24 17:30:17','1','2022-01-24 17:31:36','1'),
(462,'F127.9','特区经济、经济技术开发区经济',414,1,'','',1,'2022-01-24 17:30:17','1','2022-01-24 17:31:36','1'),
(463,'F129','中国经济史',414,1,'','',1,'2022-01-24 17:30:17','1','2022-01-24 17:31:36','1'),
(464,'F129.9','中国经济地理',414,1,'','',1,'2022-01-24 17:30:17','1','2022-01-24 17:31:36','1'),
(465,'F13','亚洲经济',414,1,'','',1,'2022-01-24 17:30:17','1','2022-01-24 17:31:36','1'),
(466,'F131.3','日本经济',414,1,'','',1,'2022-01-24 17:30:17','1','2022-01-24 17:31:36','1'),
(467,'F14','非洲经济',414,1,'','',1,'2022-01-24 17:30:17','1','2022-01-24 17:31:36','1'),
(468,'F15','欧洲经济',414,1,'','',1,'2022-01-24 17:30:17','1','2022-01-24 17:31:36','1'),
(469,'F151.2','前苏联经济',414,1,'','',1,'2022-01-24 17:30:17','1','2022-01-24 17:31:36','1'),
(470,'F151.6','德国经济',414,1,'','',1,'2022-01-24 17:30:17','1','2022-01-24 17:31:36','1'),
(471,'F156.1','英国经济',414,1,'','',1,'2022-01-24 17:30:17','1','2022-01-24 17:31:36','1'),
(472,'F156.5','法国经济',414,1,'','',1,'2022-01-24 17:30:17','1','2022-01-24 17:31:36','1'),
(473,'F16','大洋洲经济',414,1,'','',1,'2022-01-24 17:30:17','1','2022-01-24 17:31:36','1'),
(474,'F17','美洲经济',414,1,'','',1,'2022-01-24 17:30:17','1','2022-01-24 17:31:36','1'),
(475,'F171.2','美国经济',414,1,'','',1,'2022-01-24 17:30:17','1','2022-01-24 17:31:36','1'),
(476,'F2','经济计划与管理',414,1,'','',1,'2022-01-24 17:30:17','1','2022-01-24 17:31:36','1'),
(477,'F20','国民经济管理',414,1,'','',1,'2022-01-24 17:30:17','1','2022-01-24 17:31:36','1'),
(478,'F21','经济计划',414,1,'','',1,'2022-01-24 17:30:17','1','2022-01-24 17:31:36','1'),
(479,'F22','经济计算、经济数学方法',414,1,'','',1,'2022-01-24 17:30:17','1','2022-01-24 17:31:36','1'),
(480,'F221','经济核算',414,1,'','',1,'2022-01-24 17:30:17','1','2022-01-24 17:31:36','1'),
(481,'F222','经济统计学',414,1,'','',1,'2022-01-24 17:30:17','1','2022-01-24 17:31:36','1'),
(482,'F223','投入产出分析',414,1,'','',1,'2022-01-24 17:30:17','1','2022-01-24 17:31:36','1'),
(483,'F224','经济数学方法',414,1,'','',1,'2022-01-24 17:30:17','1','2022-01-24 17:31:36','1'),
(484,'F23','会计',414,1,'','',1,'2022-01-24 17:30:17','1','2022-01-24 17:31:36','1'),
(485,'F230','会计学',414,1,'','',1,'2022-01-24 17:30:17','1','2022-01-24 17:31:36','1'),
(486,'F231','会计簿记方法',414,1,'','',1,'2022-01-24 17:30:17','1','2022-01-24 17:31:36','1'),
(487,'F232','会计设备',414,1,'','',1,'2022-01-24 17:30:17','1','2022-01-24 17:31:36','1'),
(488,'F233','会议工作组织与制度',414,1,'','',1,'2022-01-24 17:30:17','1','2022-01-24 17:31:36','1'),
(489,'F234','各种会计和簿记',414,1,'','',1,'2022-01-24 17:30:17','1','2022-01-24 17:31:36','1'),
(490,'F234.1','社会会计',414,1,'','',1,'2022-01-24 17:30:17','1','2022-01-24 17:31:36','1'),
(491,'F234.2','成本会计',414,1,'','',1,'2022-01-24 17:30:17','1','2022-01-24 17:31:36','1'),
(492,'F234.3','管理会计',414,1,'','',1,'2022-01-24 17:30:17','1','2022-01-24 17:31:36','1'),
(493,'F234.4','财务会计',414,1,'','',1,'2022-01-24 17:30:17','1','2022-01-24 17:31:36','1'),
(494,'F234.5','国际会计',414,1,'','',1,'2022-01-24 17:30:17','1','2022-01-24 17:31:36','1'),
(495,'F235','各部门会计和簿记',414,1,'','',1,'2022-01-24 17:30:17','1','2022-01-24 17:31:36','1'),
(496,'F239','审计',414,1,'','',1,'2022-01-24 17:30:17','1','2022-01-24 17:31:36','1'),
(497,'F24','劳动经济',414,1,'','',1,'2022-01-24 17:30:17','1','2022-01-24 17:31:36','1'),
(498,'F241.2','劳动力市场',414,1,'','',1,'2022-01-24 17:30:17','1','2022-01-24 17:31:36','1'),
(499,'F241.21','劳动力需求',414,1,'','',1,'2022-01-24 17:30:17','1','2022-01-24 17:31:36','1'),
(500,'F241.23','劳动力市场类型',414,1,'','',1,'2022-01-24 17:30:17','1','2022-01-24 17:31:36','1'),
(501,'F25','物资经济',414,1,'','',1,'2022-01-24 17:30:17','1','2022-01-24 17:31:36','1'),
(502,'F27','企业经济',414,1,'','',1,'2022-01-24 17:30:17','1','2022-01-24 17:31:36','1'),
(503,'F270','企业经济理论和方法',414,1,'','',1,'2022-01-24 17:30:17','1','2022-01-24 17:31:36','1'),
(504,'F271','企业体制',414,1,'','',1,'2022-01-24 17:30:17','1','2022-01-24 17:31:36','1'),
(505,'F272','企业计划与经营决策',414,1,'','',1,'2022-01-24 17:30:17','1','2022-01-24 17:31:36','1'),
(506,'F272.9','企业行政管理',414,1,'','',1,'2022-01-24 17:30:17','1','2022-01-24 17:31:36','1'),
(507,'F273','企业生产管理',414,1,'','',1,'2022-01-24 17:30:17','1','2022-01-24 17:31:36','1'),
(508,'F275','企业财务管理',414,1,'','',1,'2022-01-24 17:30:17','1','2022-01-24 17:31:36','1'),
(509,'F276','各种企业经济',414,1,'','',1,'2022-01-24 17:30:17','1','2022-01-24 17:31:36','1'),
(510,'F276.6','公司',414,1,'','',1,'2022-01-24 17:30:17','1','2022-01-24 17:31:36','1'),
(511,'F279','世界各国企业经济',414,1,'','',1,'2022-01-24 17:30:17','1','2022-01-24 17:31:36','1'),
(512,'F28','基本建设经济',414,1,'','',1,'2022-01-24 17:30:17','1','2022-01-24 17:31:36','1'),
(513,'F29','城市与市政经济',414,1,'','',1,'2022-01-24 17:30:17','1','2022-01-24 17:31:36','1'),
(514,'F293','城市经济管理',414,1,'','',1,'2022-01-24 17:30:17','1','2022-01-24 17:31:36','1'),
(515,'F293.3','房地产经济',414,1,'','',1,'2022-01-24 17:30:17','1','2022-01-24 17:31:36','1'),
(516,'F293.30','房地产经济理论',414,1,'','',1,'2022-01-24 17:30:17','1','2022-01-24 17:31:36','1'),
(517,'F293.31','房地产制度',414,1,'','',1,'2022-01-24 17:30:17','1','2022-01-24 17:31:36','1'),
(518,'F293.33','房地产管理',414,1,'','',1,'2022-01-24 17:30:17','1','2022-01-24 17:31:36','1'),
(519,'F293.35','房地产市场',414,1,'','',1,'2022-01-24 17:30:17','1','2022-01-24 17:31:36','1'),
(520,'F3','农业经济',414,1,'','',1,'2022-01-24 17:30:17','1','2022-01-24 17:31:36','1'),
(521,'F32','中国农业经济',414,1,'','',1,'2022-01-24 17:30:17','1','2022-01-24 17:31:36','1'),
(522,'F321','农村经济结构与体制',414,1,'','',1,'2022-01-24 17:30:17','1','2022-01-24 17:31:36','1'),
(523,'F321.1','土地问题',414,1,'','',1,'2022-01-24 17:30:17','1','2022-01-24 17:31:36','1'),
(524,'F323','农业经济建设与发展',414,1,'','',1,'2022-01-24 17:30:17','1','2022-01-24 17:31:36','1'),
(525,'F324','农业企业组织与管理',414,1,'','',1,'2022-01-24 17:30:17','1','2022-01-24 17:31:36','1'),
(526,'F326','农业部门经济',414,1,'','',1,'2022-01-24 17:30:17','1','2022-01-24 17:31:36','1'),
(527,'F327','地方农业经济',414,1,'','',1,'2022-01-24 17:30:17','1','2022-01-24 17:31:36','1'),
(528,'F4','工业经济',414,1,'','',1,'2022-01-24 17:30:17','1','2022-01-24 17:31:36','1'),
(529,'F49','信息产业经济(总论)',414,1,'','',1,'2022-01-24 17:30:17','1','2022-01-24 17:31:36','1'),
(530,'F5','交通运输经济',414,1,'','',1,'2022-01-24 17:30:17','1','2022-01-24 17:31:36','1'),
(531,'F59','旅游经济',414,1,'','',1,'2022-01-24 17:30:17','1','2022-01-24 17:31:36','1'),
(532,'F590','旅游经济理论与方法',414,1,'','',1,'2022-01-24 17:30:17','1','2022-01-24 17:31:36','1'),
(533,'F590.8','旅游市场',414,1,'','',1,'2022-01-24 17:30:17','1','2022-01-24 17:31:36','1'),
(534,'F6','邮电经济',414,1,'','',1,'2022-01-24 17:30:17','1','2022-01-24 17:31:36','1'),
(535,'F61','邮政',414,1,'','',1,'2022-01-24 17:30:17','1','2022-01-24 17:31:36','1'),
(536,'F62','电信',414,1,'','',1,'2022-01-24 17:30:17','1','2022-01-24 17:31:36','1'),
(537,'F626','电信企业组织与经营管理',414,1,'','',1,'2022-01-24 17:30:17','1','2022-01-24 17:31:36','1'),
(538,'F626.5','通信网络企业',414,1,'','',1,'2022-01-24 17:30:17','1','2022-01-24 17:31:36','1'),
(539,'F7','贸易经济',414,1,'','',1,'2022-01-24 17:30:17','1','2022-01-24 17:31:36','1'),
(540,'F71','国内贸易经济',414,1,'','',1,'2022-01-24 17:30:17','1','2022-01-24 17:31:36','1'),
(541,'F713','商品流通与市场',414,1,'','',1,'2022-01-24 17:30:17','1','2022-01-24 17:31:36','1'),
(542,'F713.33','城乡贸易、集市贸易',414,1,'','',1,'2022-01-24 17:30:17','1','2022-01-24 17:31:36','1'),
(543,'F713.34','民族贸易',414,1,'','',1,'2022-01-24 17:30:17','1','2022-01-24 17:31:36','1'),
(544,'F713.35','期货贸易',414,1,'','',1,'2022-01-24 17:30:17','1','2022-01-24 17:31:36','1'),
(545,'F713.359','拍卖',414,1,'','',1,'2022-01-24 17:30:17','1','2022-01-24 17:31:36','1'),
(546,'F713.36','电子贸易、网上贸易',414,1,'','',1,'2022-01-24 17:30:17','1','2022-01-24 17:31:36','1'),
(547,'F713.5','市场',414,1,'','',1,'2022-01-24 17:30:17','1','2022-01-24 17:31:36','1'),
(548,'F713.50','市场学',414,1,'','',1,'2022-01-24 17:30:17','1','2022-01-24 17:31:36','1'),
(549,'F713.51','商业信息',414,1,'','',1,'2022-01-24 17:30:17','1','2022-01-24 17:31:36','1'),
(550,'F713.52','市场供需关系',414,1,'','',1,'2022-01-24 17:30:17','1','2022-01-24 17:31:36','1'),
(551,'F713.53','商品供需关系',414,1,'','',1,'2022-01-24 17:30:17','1','2022-01-24 17:31:36','1'),
(552,'F713.54','市场预测',414,1,'','',1,'2022-01-24 17:30:17','1','2022-01-24 17:31:36','1'),
(553,'F713.55','商业心理学、市场心理学',414,1,'','',1,'2022-01-24 17:30:17','1','2022-01-24 17:31:36','1'),
(554,'F713.56','市场管理',414,1,'','',1,'2022-01-24 17:30:17','1','2022-01-24 17:31:36','1'),
(555,'F713.58','各种市场',414,1,'','',1,'2022-01-24 17:30:17','1','2022-01-24 17:31:36','1'),
(556,'F713.581','城市市场',414,1,'','',1,'2022-01-24 17:30:17','1','2022-01-24 17:31:36','1'),
(557,'F713.582','农村市场',414,1,'','',1,'2022-01-24 17:30:17','1','2022-01-24 17:31:36','1'),
(558,'F713.584','技术市场',414,1,'','',1,'2022-01-24 17:30:17','1','2022-01-24 17:31:36','1'),
(559,'F713.6','经纪人',414,1,'','',1,'2022-01-24 17:30:17','1','2022-01-24 17:31:36','1'),
(560,'F713.7','商品陈列布置',414,1,'','',1,'2022-01-24 17:30:17','1','2022-01-24 17:31:36','1'),
(561,'F713.8','广告',414,1,'','',1,'2022-01-24 17:30:17','1','2022-01-24 17:31:36','1'),
(562,'F714','商品价格',414,1,'','',1,'2022-01-24 17:30:17','1','2022-01-24 17:31:36','1'),
(563,'F714.1','物价',414,1,'','',1,'2022-01-24 17:30:17','1','2022-01-24 17:31:36','1'),
(564,'F715','商业企业组织与管理',414,1,'','',1,'2022-01-24 17:30:17','1','2022-01-24 17:31:36','1'),
(565,'F715.1','商业企业计划和管理体制',414,1,'','',1,'2022-01-24 17:30:17','1','2022-01-24 17:31:36','1'),
(566,'F715.2','商业组织领导与劳动管理',414,1,'','',1,'2022-01-24 17:30:17','1','2022-01-24 17:31:36','1'),
(567,'F717','各种商业企业',414,1,'','',1,'2022-01-24 17:30:17','1','2022-01-24 17:31:36','1'),
(568,'F717.4','商业垄断组织',414,1,'','',1,'2022-01-24 17:30:17','1','2022-01-24 17:31:36','1'),
(569,'F717.49','股份制商业企业',414,1,'','',1,'2022-01-24 17:30:17','1','2022-01-24 17:31:36','1'),
(570,'F717.6','超级市场、连锁店、专卖店',414,1,'','',1,'2022-01-24 17:30:17','1','2022-01-24 17:31:36','1'),
(571,'F718','商业工作者',414,1,'','',1,'2022-01-24 17:30:17','1','2022-01-24 17:31:36','1'),
(572,'F719','服务业',414,1,'','',1,'2022-01-24 17:30:17','1','2022-01-24 17:31:36','1'),
(573,'F719.2','旅馆业',414,1,'','',1,'2022-01-24 17:30:17','1','2022-01-24 17:31:36','1'),
(574,'F719.3','餐饮业',414,1,'','',1,'2022-01-24 17:30:17','1','2022-01-24 17:31:36','1'),
(575,'F719.5','娱乐业',414,1,'','',1,'2022-01-24 17:30:17','1','2022-01-24 17:31:36','1'),
(576,'F719.9','其他',414,1,'','',1,'2022-01-24 17:30:17','1','2022-01-24 17:31:36','1'),
(577,'F72','中国国内贸易经济',414,1,'','',1,'2022-01-24 17:30:17','1','2022-01-24 17:31:36','1'),
(578,'F721','商业经济体制和组织',414,1,'','',1,'2022-01-24 17:30:17','1','2022-01-24 17:31:36','1'),
(579,'F721.1','国有商业企业',414,1,'','',1,'2022-01-24 17:30:17','1','2022-01-24 17:31:36','1'),
(580,'F721.2','供销合作社、集体商业',414,1,'','',1,'2022-01-24 17:30:17','1','2022-01-24 17:31:36','1'),
(581,'F721.3','公私合营商业',414,1,'','',1,'2022-01-24 17:30:17','1','2022-01-24 17:31:36','1'),
(582,'F721.4','私营商业',414,1,'','',1,'2022-01-24 17:30:17','1','2022-01-24 17:31:36','1'),
(583,'F721.5','股份制商业企业',414,1,'','',1,'2022-01-24 17:30:17','1','2022-01-24 17:31:36','1'),
(584,'F721.6','承包、租赁',414,1,'','',1,'2022-01-24 17:30:17','1','2022-01-24 17:31:36','1'),
(585,'F721.7','超级市场、连锁店、专卖店',414,1,'','',1,'2022-01-24 17:30:17','1','2022-01-24 17:31:36','1'),
(586,'F721.8','专业贸易企业',414,1,'','',1,'2022-01-24 17:30:17','1','2022-01-24 17:31:36','1'),
(587,'F724','商品流通',414,1,'','',1,'2022-01-24 17:30:17','1','2022-01-24 17:31:36','1'),
(588,'F724.3','城乡贸易、集市贸易',414,1,'','',1,'2022-01-24 17:30:17','1','2022-01-24 17:31:36','1'),
(589,'F724.4','少数民族地区贸易',414,1,'','',1,'2022-01-24 17:30:17','1','2022-01-24 17:31:36','1'),
(590,'F724.5','期货贸易',414,1,'','',1,'2022-01-24 17:30:17','1','2022-01-24 17:31:36','1'),
(591,'F724.59','拍卖',414,1,'','',1,'2022-01-24 17:30:17','1','2022-01-24 17:31:36','1'),
(592,'F724.6','电子贸易、网上贸易',414,1,'','',1,'2022-01-24 17:30:17','1','2022-01-24 17:31:36','1'),
(593,'F726','物价',414,1,'','',1,'2022-01-24 17:30:17','1','2022-01-24 17:31:36','1'),
(594,'F74','国际贸易',414,1,'','',1,'2022-01-24 17:30:17','1','2022-01-24 17:31:36','1'),
(595,'F740','国际贸易理论与方法',414,1,'','',1,'2022-01-24 17:30:17','1','2022-01-24 17:31:36','1'),
(596,'F740.2','世界市场',414,1,'','',1,'2022-01-24 17:30:17','1','2022-01-24 17:31:36','1'),
(597,'F740.4','国际贸易实务',414,1,'','',1,'2022-01-24 17:30:17','1','2022-01-24 17:31:36','1'),
(598,'F741','政策',414,1,'','',1,'2022-01-24 17:30:17','1','2022-01-24 17:31:36','1'),
(599,'F742','国际贸易关系',414,1,'','',1,'2022-01-24 17:30:17','1','2022-01-24 17:31:36','1'),
(600,'F743','国际贸易组织与会议',414,1,'','',1,'2022-01-24 17:30:17','1','2022-01-24 17:31:36','1'),
(601,'F744','国际贸易条约和协定',414,1,'','',1,'2022-01-24 17:30:17','1','2022-01-24 17:31:36','1'),
(602,'F745','海关及关税',414,1,'','',1,'2022-01-24 17:30:17','1','2022-01-24 17:31:36','1'),
(603,'F746','世界进出口贸易概况',414,1,'','',1,'2022-01-24 17:30:17','1','2022-01-24 17:31:36','1'),
(604,'F75','各国对外贸易',414,1,'','',1,'2022-01-24 17:30:17','1','2022-01-24 17:31:36','1'),
(605,'F752','中国对外贸易',414,1,'','',1,'2022-01-24 17:30:17','1','2022-01-24 17:31:36','1'),
(606,'F753','亚洲对外贸易',414,1,'','',1,'2022-01-24 17:30:17','1','2022-01-24 17:31:36','1'),
(607,'F754','非洲对外贸易',414,1,'','',1,'2022-01-24 17:30:17','1','2022-01-24 17:31:36','1'),
(608,'F755','欧洲对外贸易',414,1,'','',1,'2022-01-24 17:30:17','1','2022-01-24 17:31:36','1'),
(609,'F756','大洋洲对外贸易',414,1,'','',1,'2022-01-24 17:30:17','1','2022-01-24 17:31:36','1'),
(610,'F757','美洲对外贸易',414,1,'','',1,'2022-01-24 17:30:17','1','2022-01-24 17:31:36','1'),
(611,'F76','商品学',414,1,'','',1,'2022-01-24 17:30:17','1','2022-01-24 17:31:36','1'),
(612,'F760.5','商标',414,1,'','',1,'2022-01-24 17:30:17','1','2022-01-24 17:31:36','1'),
(613,'F8','财政、金融',414,1,'','',1,'2022-01-24 17:30:17','1','2022-01-24 17:31:36','1'),
(614,'F81','财政',414,1,'','',1,'2022-01-24 17:30:17','1','2022-01-24 17:31:36','1'),
(615,'F810','财政理论',414,1,'','',1,'2022-01-24 17:30:17','1','2022-01-24 17:31:36','1'),
(616,'F811','世界财政',414,1,'','',1,'2022-01-24 17:30:17','1','2022-01-24 17:31:36','1'),
(617,'F812','中国财政',414,1,'','',1,'2022-01-24 17:30:17','1','2022-01-24 17:31:36','1'),
(618,'F82','货币',414,1,'','',1,'2022-01-24 17:30:17','1','2022-01-24 17:31:36','1'),
(619,'F820','货币理论',414,1,'','',1,'2022-01-24 17:30:17','1','2022-01-24 17:31:36','1'),
(620,'F821','世界货币',414,1,'','',1,'2022-01-24 17:30:17','1','2022-01-24 17:31:36','1'),
(621,'F822','中国货币',414,1,'','',1,'2022-01-24 17:30:17','1','2022-01-24 17:31:36','1'),
(622,'F83','金融、银行',414,1,'','',1,'2022-01-24 17:30:17','1','2022-01-24 17:31:36','1'),
(623,'F830','金融、银行理论',414,1,'','',1,'2022-01-24 17:30:17','1','2022-01-24 17:31:36','1'),
(624,'F831','世界金融、银行',414,1,'','',1,'2022-01-24 17:30:17','1','2022-01-24 17:31:36','1'),
(625,'F832','中国金融、银行',414,1,'','',1,'2022-01-24 17:30:17','1','2022-01-24 17:31:36','1'),
(626,'F84','保险',414,1,'','',1,'2022-01-24 17:30:17','1','2022-01-24 17:31:36','1'),
(627,'F840','保险理论',414,1,'','',1,'2022-01-24 17:30:17','1','2022-01-24 17:31:36','1'),
(628,'F840.67','养老保险',414,1,'','',1,'2022-01-24 17:30:17','1','2022-01-24 17:31:36','1'),
(629,'F840.681','工商企业、工程保险',414,1,'','',1,'2022-01-24 17:30:17','1','2022-01-24 17:31:36','1'),
(630,'F840.682','金融信贷保险',414,1,'','',1,'2022-01-24 17:30:17','1','2022-01-24 17:31:36','1'),
(631,'F840.684','医疗保险',414,1,'','',1,'2022-01-24 17:30:17','1','2022-01-24 17:31:36','1'),
(632,'F840.685','涉外保险',414,1,'','',1,'2022-01-24 17:30:17','1','2022-01-24 17:31:36','1'),
(633,'F840.69','其他',414,1,'','',1,'2022-01-24 17:30:17','1','2022-01-24 17:31:36','1'),
(634,'F841','世界保险业',414,1,'','',1,'2022-01-24 17:30:17','1','2022-01-24 17:31:36','1'),
(635,'F842','中国保险业',414,1,'','',1,'2022-01-24 17:30:17','1','2022-01-24 17:31:36','1'),
(636,'F842.7','地方保险',414,1,'','',1,'2022-01-24 17:30:17','1','2022-01-24 17:31:36','1'),
(637,'G','文化、科学、教育、体育',-1,0,'','',1,'2022-01-24 17:30:17','1','2022-01-24 17:31:36','1'),
(638,'G0','文化理论',637,1,'','',1,'2022-01-24 17:30:17','1','2022-01-24 17:31:36','1'),
(639,'G1','世界各国文化事业概况',637,1,'','',1,'2022-01-24 17:30:17','1','2022-01-24 17:31:36','1'),
(640,'G11','世界',637,1,'','',1,'2022-01-24 17:30:17','1','2022-01-24 17:31:36','1'),
(641,'G112','专题文化研究',637,1,'','',1,'2022-01-24 17:30:17','1','2022-01-24 17:31:36','1'),
(642,'G114','文化产业、文化市场',637,1,'','',1,'2022-01-24 17:30:17','1','2022-01-24 17:31:36','1'),
(643,'G12','中国',637,1,'','',1,'2022-01-24 17:30:17','1','2022-01-24 17:31:36','1'),
(644,'G122','文化专题研究',637,1,'','',1,'2022-01-24 17:30:17','1','2022-01-24 17:31:36','1'),
(645,'G124','文化产业、文化市场',637,1,'','',1,'2022-01-24 17:30:17','1','2022-01-24 17:31:36','1'),
(646,'G2','信息与知识传播',637,1,'','',1,'2022-01-24 17:30:17','1','2022-01-24 17:31:36','1'),
(647,'G20','信息与传播理论',637,1,'','',1,'2022-01-24 17:30:17','1','2022-01-24 17:31:36','1'),
(648,'G21','新闻学、新闻事业',637,1,'','',1,'2022-01-24 17:30:17','1','2022-01-24 17:31:36','1'),
(649,'G22','广播、电视事业',637,1,'','',1,'2022-01-24 17:30:17','1','2022-01-24 17:31:36','1'),
(650,'G23','出版事业',637,1,'','',1,'2022-01-24 17:30:17','1','2022-01-24 17:31:36','1'),
(651,'G24','群众文化事业',637,1,'','',1,'2022-01-24 17:30:17','1','2022-01-24 17:31:36','1'),
(652,'G241.1','宣传工作',637,1,'','',1,'2022-01-24 17:30:17','1','2022-01-24 17:31:36','1'),
(653,'G25','图书馆学、图书馆事业',637,1,'','',1,'2022-01-24 17:30:17','1','2022-01-24 17:31:36','1'),
(654,'G254.1','分类法',637,1,'','',1,'2022-01-24 17:30:17','1','2022-01-24 17:31:36','1'),
(655,'G26','博物馆、博物馆事业',637,1,'','',1,'2022-01-24 17:30:17','1','2022-01-24 17:31:36','1'),
(656,'G27','档案学、档案事业',637,1,'','',1,'2022-01-24 17:30:17','1','2022-01-24 17:31:36','1'),
(657,'G3','科学、科学研究',637,1,'','',1,'2022-01-24 17:30:17','1','2022-01-24 17:31:36','1'),
(658,'G302','知识学',637,1,'','',1,'2022-01-24 17:30:17','1','2022-01-24 17:31:36','1'),
(659,'G303','未来学',637,1,'','',1,'2022-01-24 17:30:17','1','2022-01-24 17:31:36','1'),
(660,'G305','科学发明、发现研究（创造学）',637,1,'','',1,'2022-01-24 17:30:17','1','2022-01-24 17:31:36','1'),
(661,'G35','情报学',637,1,'','',1,'2022-01-24 17:30:17','1','2022-01-24 17:31:36','1'),
(662,'G4','教育',637,1,'','',1,'2022-01-24 17:30:17','1','2022-01-24 17:31:36','1'),
(663,'G40','教育学',637,1,'','',1,'2022-01-24 17:30:17','1','2022-01-24 17:31:36','1'),
(664,'G40-012','全面发展教育',637,1,'','',1,'2022-01-24 17:30:17','1','2022-01-24 17:31:36','1'),
(665,'G41','思想政治教育',637,1,'','',1,'2022-01-24 17:30:17','1','2022-01-24 17:31:36','1'),
(666,'G410','德育理论',637,1,'','',1,'2022-01-24 17:30:17','1','2022-01-24 17:31:36','1'),
(667,'G411','马列主义毛泽东思想教育',637,1,'','',1,'2022-01-24 17:30:17','1','2022-01-24 17:31:36','1'),
(668,'G412','人生观、世界观与理想教育',637,1,'','',1,'2022-01-24 17:30:17','1','2022-01-24 17:31:36','1'),
(669,'G413','阶级教育、革命传统教育',637,1,'','',1,'2022-01-24 17:30:17','1','2022-01-24 17:31:36','1'),
(670,'G414','国际主义、爱国主义教育',637,1,'','',1,'2022-01-24 17:30:17','1','2022-01-24 17:31:36','1'),
(671,'G414.1','形势教育',637,1,'','',1,'2022-01-24 17:30:17','1','2022-01-24 17:31:36','1'),
(672,'G415','纪律、民主与法制教育',637,1,'','',1,'2022-01-24 17:30:17','1','2022-01-24 17:31:36','1'),
(673,'G416','思想品德教育',637,1,'','',1,'2022-01-24 17:30:17','1','2022-01-24 17:31:36','1'),
(674,'G417','社会公德教育',637,1,'','',1,'2022-01-24 17:30:17','1','2022-01-24 17:31:36','1'),
(675,'G418','军事训练教育',637,1,'','',1,'2022-01-24 17:30:17','1','2022-01-24 17:31:36','1'),
(676,'G42','教学理论',637,1,'','',1,'2022-01-24 17:30:17','1','2022-01-24 17:31:36','1'),
(677,'G424.7','学绩管理和考试',637,1,'','',1,'2022-01-24 17:30:17','1','2022-01-24 17:31:36','1'),
(678,'G43','电化教育',637,1,'','',1,'2022-01-24 17:30:17','1','2022-01-24 17:31:36','1'),
(679,'G44','教育心理学',637,1,'','',1,'2022-01-24 17:30:17','1','2022-01-24 17:31:36','1'),
(680,'G449','教育心理测验与评估',637,1,'','',1,'2022-01-24 17:30:17','1','2022-01-24 17:31:36','1'),
(681,'G45','教师与学生',637,1,'','',1,'2022-01-24 17:30:17','1','2022-01-24 17:31:36','1'),
(682,'G451','教师',637,1,'','',1,'2022-01-24 17:30:17','1','2022-01-24 17:31:36','1'),
(683,'G455','学生',637,1,'','',1,'2022-01-24 17:30:17','1','2022-01-24 17:31:36','1'),
(684,'G459','学校与家庭',637,1,'','',1,'2022-01-24 17:30:17','1','2022-01-24 17:31:36','1'),
(685,'G46','教育行政',637,1,'','',1,'2022-01-24 17:30:17','1','2022-01-24 17:31:36','1'),
(686,'G47','学校管理',637,1,'','',1,'2022-01-24 17:30:17','1','2022-01-24 17:31:36','1'),
(687,'G48','学校建筑与设备',637,1,'','',1,'2022-01-24 17:30:17','1','2022-01-24 17:31:36','1'),
(688,'G5','世界各国教育事业',637,1,'','',1,'2022-01-24 17:30:17','1','2022-01-24 17:31:36','1'),
(689,'G51','世界',637,1,'','',1,'2022-01-24 17:30:17','1','2022-01-24 17:31:36','1'),
(690,'G52','中国',637,1,'','',1,'2022-01-24 17:30:17','1','2022-01-24 17:31:36','1'),
(691,'G527','地方教育',637,1,'','',1,'2022-01-24 17:30:17','1','2022-01-24 17:31:36','1'),
(692,'G529','教育史',637,1,'','',1,'2022-01-24 17:30:17','1','2022-01-24 17:31:36','1'),
(693,'G61','学前教育、幼儿教育',637,1,'','',1,'2022-01-24 17:30:17','1','2022-01-24 17:31:36','1'),
(694,'G62','初等教育（小学教育）',637,1,'','',1,'2022-01-24 17:30:17','1','2022-01-24 17:31:36','1'),
(695,'G620','初等教育理论',637,1,'','',1,'2022-01-24 17:30:17','1','2022-01-24 17:31:36','1'),
(696,'G621','思想政治教育',637,1,'','',1,'2022-01-24 17:30:17','1','2022-01-24 17:31:36','1'),
(697,'G622','教学理论、教学法',637,1,'','',1,'2022-01-24 17:30:17','1','2022-01-24 17:31:36','1'),
(698,'G623','各科教学法、教学参考书',637,1,'','',1,'2022-01-24 17:30:17','1','2022-01-24 17:31:36','1'),
(699,'G623.1','政治',637,1,'','',1,'2022-01-24 17:30:17','1','2022-01-24 17:31:36','1'),
(700,'G623.15','思想品德课',637,1,'','',1,'2022-01-24 17:30:17','1','2022-01-24 17:31:36','1'),
(701,'G623.2','语文',637,1,'','',1,'2022-01-24 17:30:17','1','2022-01-24 17:31:36','1'),
(702,'G623.21','汉语拼音',637,1,'','',1,'2022-01-24 17:30:17','1','2022-01-24 17:31:36','1'),
(703,'G623.22','识字',637,1,'','',1,'2022-01-24 17:30:17','1','2022-01-24 17:31:36','1'),
(704,'G623.23','阅读',637,1,'','',1,'2022-01-24 17:30:17','1','2022-01-24 17:31:36','1'),
(705,'G623.24','作文',637,1,'','',1,'2022-01-24 17:30:17','1','2022-01-24 17:31:36','1'),
(706,'G623.29','少数民族语文',637,1,'','',1,'2022-01-24 17:30:17','1','2022-01-24 17:31:36','1'),
(707,'G623.3','外语',637,1,'','',1,'2022-01-24 17:30:17','1','2022-01-24 17:31:36','1'),
(708,'G623.31','英语',637,1,'','',1,'2022-01-24 17:30:17','1','2022-01-24 17:31:36','1'),
(709,'G623.4','历史、地理',637,1,'','',1,'2022-01-24 17:30:17','1','2022-01-24 17:31:36','1'),
(710,'G623.41','历史',637,1,'','',1,'2022-01-24 17:30:17','1','2022-01-24 17:31:36','1'),
(711,'G623.45','地理',637,1,'','',1,'2022-01-24 17:30:17','1','2022-01-24 17:31:36','1'),
(712,'G623.5','数学',637,1,'','',1,'2022-01-24 17:30:17','1','2022-01-24 17:31:36','1'),
(713,'G623.56','算术',637,1,'','',1,'2022-01-24 17:30:17','1','2022-01-24 17:31:36','1'),
(714,'G623.57','珠算',637,1,'','',1,'2022-01-24 17:30:17','1','2022-01-24 17:31:36','1'),
(715,'G623.58','计算机',637,1,'','',1,'2022-01-24 17:30:17','1','2022-01-24 17:31:36','1'),
(716,'G623.6','自然常识',637,1,'','',1,'2022-01-24 17:30:17','1','2022-01-24 17:31:36','1'),
(717,'G623.7','美育',637,1,'','',1,'2022-01-24 17:30:17','1','2022-01-24 17:31:36','1'),
(718,'G623.71','音乐',637,1,'','',1,'2022-01-24 17:30:17','1','2022-01-24 17:31:36','1'),
(719,'G623.75','美术',637,1,'','',1,'2022-01-24 17:30:17','1','2022-01-24 17:31:36','1'),
(720,'G623.8','体育、游戏。',637,1,'','',1,'2022-01-24 17:30:17','1','2022-01-24 17:31:36','1'),
(721,'G624','教材、课本、辅助教材',637,1,'','',1,'2022-01-24 17:30:17','1','2022-01-24 17:31:36','1'),
(722,'G625','教师与学生',637,1,'','',1,'2022-01-24 17:30:17','1','2022-01-24 17:31:36','1'),
(723,'G625.1','教师、班主任',637,1,'','',1,'2022-01-24 17:30:17','1','2022-01-24 17:31:36','1'),
(724,'G625.5','学生',637,1,'','',1,'2022-01-24 17:30:17','1','2022-01-24 17:31:36','1'),
(725,'G626','学校与家庭、学校与社会',637,1,'','',1,'2022-01-24 17:30:17','1','2022-01-24 17:31:36','1'),
(726,'G627','学校管理',637,1,'','',1,'2022-01-24 17:30:17','1','2022-01-24 17:31:36','1'),
(727,'G628','各类型小学概况',637,1,'','',1,'2022-01-24 17:30:17','1','2022-01-24 17:31:36','1'),
(728,'G629','世界各国初等教育概况',637,1,'','',1,'2022-01-24 17:30:17','1','2022-01-24 17:31:36','1'),
(729,'G63','中等教育',637,1,'','',1,'2022-01-24 17:30:17','1','2022-01-24 17:31:36','1'),
(730,'G630','中等教育理论',637,1,'','',1,'2022-01-24 17:30:17','1','2022-01-24 17:31:36','1'),
(731,'G631','思想政治教育、德育',637,1,'','',1,'2022-01-24 17:30:17','1','2022-01-24 17:31:36','1'),
(732,'G632','教学理论',637,1,'','',1,'2022-01-24 17:30:17','1','2022-01-24 17:31:36','1'),
(733,'G632.479','试题与题解',637,1,'','',1,'2022-01-24 17:30:17','1','2022-01-24 17:31:36','1'),
(734,'G633','各科教学法、教学参考书',637,1,'','',1,'2022-01-24 17:30:17','1','2022-01-24 17:31:36','1'),
(735,'G633.2','政治',637,1,'','',1,'2022-01-24 17:30:17','1','2022-01-24 17:31:36','1'),
(736,'G633.21','辩证唯物主义',637,1,'','',1,'2022-01-24 17:30:17','1','2022-01-24 17:31:36','1'),
(737,'G633.22','社会发展史',637,1,'','',1,'2022-01-24 17:30:17','1','2022-01-24 17:31:36','1'),
(738,'G633.23','政治经济学',637,1,'','',1,'2022-01-24 17:30:17','1','2022-01-24 17:31:36','1'),
(739,'G633.24','科学社会主义',637,1,'','',1,'2022-01-24 17:30:17','1','2022-01-24 17:31:36','1'),
(740,'G633.25','青少年修养',637,1,'','',1,'2022-01-24 17:30:17','1','2022-01-24 17:31:36','1'),
(741,'G633.26','法律常识',637,1,'','',1,'2022-01-24 17:30:17','1','2022-01-24 17:31:36','1'),
(742,'G633.3','汉语语文',637,1,'','',1,'2022-01-24 17:30:17','1','2022-01-24 17:31:36','1'),
(743,'G633.33','阅读',637,1,'','',1,'2022-01-24 17:30:17','1','2022-01-24 17:31:36','1'),
(744,'G633.34','作文',637,1,'','',1,'2022-01-24 17:30:17','1','2022-01-24 17:31:36','1'),
(745,'G633.39','中国少数民族语文',637,1,'','',1,'2022-01-24 17:30:17','1','2022-01-24 17:31:36','1'),
(746,'G633.4','外语',637,1,'','',1,'2022-01-24 17:30:17','1','2022-01-24 17:31:36','1'),
(747,'G633.41','英语',637,1,'','',1,'2022-01-24 17:30:17','1','2022-01-24 17:31:36','1'),
(748,'G633.42','法语',637,1,'','',1,'2022-01-24 17:30:17','1','2022-01-24 17:31:36','1'),
(749,'G633.43','德语',637,1,'','',1,'2022-01-24 17:30:17','1','2022-01-24 17:31:36','1'),
(750,'G633.44','西班牙语',637,1,'','',1,'2022-01-24 17:30:17','1','2022-01-24 17:31:36','1'),
(751,'G633.45','俄语',637,1,'','',1,'2022-01-24 17:30:17','1','2022-01-24 17:31:36','1'),
(752,'G633.46','日语',637,1,'','',1,'2022-01-24 17:30:17','1','2022-01-24 17:31:36','1'),
(753,'G633.5','历史、地理',637,1,'','',1,'2022-01-24 17:30:17','1','2022-01-24 17:31:36','1'),
(754,'G633.51','历史',637,1,'','',1,'2022-01-24 17:30:17','1','2022-01-24 17:31:36','1'),
(755,'G633.52','世界历史',637,1,'','',1,'2022-01-24 17:30:17','1','2022-01-24 17:31:36','1'),
(756,'G633.53','中国历史',637,1,'','',1,'2022-01-24 17:30:17','1','2022-01-24 17:31:36','1'),
(757,'G633.55','地理',637,1,'','',1,'2022-01-24 17:30:17','1','2022-01-24 17:31:36','1'),
(758,'G633.56','世界地理',637,1,'','',1,'2022-01-24 17:30:17','1','2022-01-24 17:31:36','1'),
(759,'G633.57','中国地理',637,1,'','',1,'2022-01-24 17:30:17','1','2022-01-24 17:31:36','1'),
(760,'G633.58','其他各国地理',637,1,'','',1,'2022-01-24 17:30:17','1','2022-01-24 17:31:36','1'),
(761,'G633.59','其他',637,1,'','',1,'2022-01-24 17:30:17','1','2022-01-24 17:31:36','1'),
(762,'G633.6','数学',637,1,'','',1,'2022-01-24 17:30:17','1','2022-01-24 17:31:36','1'),
(763,'G633.61','算术',637,1,'','',1,'2022-01-24 17:30:17','1','2022-01-24 17:31:36','1'),
(764,'G633.62','代数',637,1,'','',1,'2022-01-24 17:30:17','1','2022-01-24 17:31:36','1'),
(765,'G633.63','几何',637,1,'','',1,'2022-01-24 17:30:17','1','2022-01-24 17:31:36','1'),
(766,'G633.64','三角',637,1,'','',1,'2022-01-24 17:30:17','1','2022-01-24 17:31:36','1'),
(767,'G633.65','解析几何',637,1,'','',1,'2022-01-24 17:30:17','1','2022-01-24 17:31:36','1'),
(768,'G633.66','高等数学初步',637,1,'','',1,'2022-01-24 17:30:17','1','2022-01-24 17:31:36','1'),
(769,'G633.67','计算机',637,1,'','',1,'2022-01-24 17:30:17','1','2022-01-24 17:31:36','1'),
(770,'G633.7','物理',637,1,'','',1,'2022-01-24 17:30:17','1','2022-01-24 17:31:36','1'),
(771,'G633.8','化学',637,1,'','',1,'2022-01-24 17:30:17','1','2022-01-24 17:31:36','1'),
(772,'G633.91','生物',637,1,'','',1,'2022-01-24 17:30:17','1','2022-01-24 17:31:36','1'),
(773,'G633.92','生理卫生',637,1,'','',1,'2022-01-24 17:30:17','1','2022-01-24 17:31:36','1'),
(774,'G633.93','专业技术知识',637,1,'','',1,'2022-01-24 17:30:17','1','2022-01-24 17:31:36','1'),
(775,'G633.95','美育',637,1,'','',1,'2022-01-24 17:30:17','1','2022-01-24 17:31:36','1'),
(776,'G633.951','音乐、舞蹈',637,1,'','',1,'2022-01-24 17:30:17','1','2022-01-24 17:31:36','1'),
(777,'G633.955','美术',637,1,'','',1,'2022-01-24 17:30:17','1','2022-01-24 17:31:36','1'),
(778,'G633.96','体育',637,1,'','',1,'2022-01-24 17:30:17','1','2022-01-24 17:31:36','1'),
(779,'G634','课本、教材、辅助教材',637,1,'','',1,'2022-01-24 17:30:17','1','2022-01-24 17:31:36','1'),
(780,'G635','教师与学生',637,1,'','',1,'2022-01-24 17:30:17','1','2022-01-24 17:31:36','1'),
(781,'G635.1','教师、班主任',637,1,'','',1,'2022-01-24 17:30:17','1','2022-01-24 17:31:36','1'),
(782,'G635.5','学生',637,1,'','',1,'2022-01-24 17:30:17','1','2022-01-24 17:31:36','1'),
(783,'G636','学校与家庭、学校与社会',637,1,'','',1,'2022-01-24 17:30:17','1','2022-01-24 17:31:36','1'),
(784,'G637','学校管理',637,1,'','',1,'2022-01-24 17:30:17','1','2022-01-24 17:31:36','1'),
(785,'G638','各类型中等学校',637,1,'','',1,'2022-01-24 17:30:17','1','2022-01-24 17:31:36','1'),
(786,'G639','世界各国中等教育概况',637,1,'','',1,'2022-01-24 17:30:17','1','2022-01-24 17:31:36','1'),
(787,'G64','高等教育',637,1,'','',1,'2022-01-24 17:30:17','1','2022-01-24 17:31:36','1'),
(788,'G642.479','高等教育自学考试',637,1,'','',1,'2022-01-24 17:30:17','1','2022-01-24 17:31:36','1'),
(789,'G648','各类型高等学校',637,1,'','',1,'2022-01-24 17:30:17','1','2022-01-24 17:31:36','1'),
(790,'G649','世界各国高等教育概况',637,1,'','',1,'2022-01-24 17:30:17','1','2022-01-24 17:31:36','1'),
(791,'G65','师范教育',637,1,'','',1,'2022-01-24 17:30:17','1','2022-01-24 17:31:36','1'),
(792,'G71','职业技术教育',637,1,'','',1,'2022-01-24 17:30:17','1','2022-01-24 17:31:36','1'),
(793,'G72','成人教育、业余教育',637,1,'','',1,'2022-01-24 17:30:17','1','2022-01-24 17:31:36','1'),
(794,'G726.9','自学考试',637,1,'','',1,'2022-01-24 17:30:17','1','2022-01-24 17:31:36','1'),
(795,'G74','华侨教育、侨民教育',637,1,'','',1,'2022-01-24 17:30:17','1','2022-01-24 17:31:36','1'),
(796,'G75','少数民族教育',637,1,'','',1,'2022-01-24 17:30:17','1','2022-01-24 17:31:36','1'),
(797,'G76','特殊教育',637,1,'','',1,'2022-01-24 17:30:17','1','2022-01-24 17:31:36','1'),
(798,'G77','社会教育',637,1,'','',1,'2022-01-24 17:30:17','1','2022-01-24 17:31:36','1'),
(799,'G78','家庭教育',637,1,'','',1,'2022-01-24 17:30:17','1','2022-01-24 17:31:36','1'),
(800,'G785','家庭教师',637,1,'','',1,'2022-01-24 17:30:17','1','2022-01-24 17:31:36','1'),
(801,'G79','自学',637,1,'','',1,'2022-01-24 17:30:17','1','2022-01-24 17:31:36','1'),
(802,'G8','体育',637,1,'','',1,'2022-01-24 17:30:17','1','2022-01-24 17:31:36','1'),
(803,'G80','体育理论',637,1,'','',1,'2022-01-24 17:30:17','1','2022-01-24 17:31:36','1'),
(804,'G81','世界各国体育事业',637,1,'','',1,'2022-01-24 17:30:17','1','2022-01-24 17:31:36','1'),
(805,'G811','世界体育',637,1,'','',1,'2022-01-24 17:30:17','1','2022-01-24 17:31:36','1'),
(806,'G812','中国体育',637,1,'','',1,'2022-01-24 17:30:17','1','2022-01-24 17:31:36','1'),
(807,'G818','运动场地与设备',637,1,'','',1,'2022-01-24 17:30:17','1','2022-01-24 17:31:36','1'),
(808,'G819','体育运动技术（总论）',637,1,'','',1,'2022-01-24 17:30:17','1','2022-01-24 17:31:36','1'),
(809,'G82','田径运动',637,1,'','',1,'2022-01-24 17:30:17','1','2022-01-24 17:31:36','1'),
(810,'G83','体操运动',637,1,'','',1,'2022-01-24 17:30:17','1','2022-01-24 17:31:36','1'),
(811,'G84','球类运动',637,1,'','',1,'2022-01-24 17:30:17','1','2022-01-24 17:31:36','1'),
(812,'G841','篮球',637,1,'','',1,'2022-01-24 17:30:17','1','2022-01-24 17:31:36','1'),
(813,'G842','排球',637,1,'','',1,'2022-01-24 17:30:17','1','2022-01-24 17:31:36','1'),
(814,'G843','足球',637,1,'','',1,'2022-01-24 17:30:17','1','2022-01-24 17:31:36','1'),
(815,'G846','乒乓球',637,1,'','',1,'2022-01-24 17:30:17','1','2022-01-24 17:31:36','1'),
(816,'G85','武术及民族形式体育',637,1,'','',1,'2022-01-24 17:30:17','1','2022-01-24 17:31:36','1'),
(817,'G852','中国武术',637,1,'','',1,'2022-01-24 17:30:17','1','2022-01-24 17:31:36','1'),
(818,'G86','水上、冰上与雪上运动',637,1,'','',1,'2022-01-24 17:30:17','1','2022-01-24 17:31:36','1'),
(819,'G87','其他体育运动',637,1,'','',1,'2022-01-24 17:30:17','1','2022-01-24 17:31:36','1'),
(820,'G89','文体运动',637,1,'','',1,'2022-01-24 17:30:17','1','2022-01-24 17:31:36','1'),
(821,'G891','棋类',637,1,'','',1,'2022-01-24 17:30:17','1','2022-01-24 17:31:36','1'),
(822,'G891.1','国际象棋',637,1,'','',1,'2022-01-24 17:30:17','1','2022-01-24 17:31:36','1'),
(823,'G891.2','中国象棋',637,1,'','',1,'2022-01-24 17:30:17','1','2022-01-24 17:31:36','1'),
(824,'G891.3','围棋',637,1,'','',1,'2022-01-24 17:30:17','1','2022-01-24 17:31:36','1'),
(825,'G891.9','其他',637,1,'','',1,'2022-01-24 17:30:17','1','2022-01-24 17:31:36','1'),
(826,'G892','牌类',637,1,'','',1,'2022-01-24 17:30:17','1','2022-01-24 17:31:36','1'),
(827,'G893','康乐球、台球、弹子',637,1,'','',1,'2022-01-24 17:30:17','1','2022-01-24 17:31:36','1'),
(828,'G894','私人收藏',637,1,'','',1,'2022-01-24 17:30:17','1','2022-01-24 17:31:36','1'),
(829,'G894.1','集邮',637,1,'','',1,'2022-01-24 17:30:17','1','2022-01-24 17:31:36','1'),
(830,'G895','旅行',637,1,'','',1,'2022-01-24 17:30:17','1','2022-01-24 17:31:36','1'),
(831,'G896','狩猎运动',637,1,'','',1,'2022-01-24 17:30:17','1','2022-01-24 17:31:36','1'),
(832,'G897','钓鱼',637,1,'','',1,'2022-01-24 17:30:17','1','2022-01-24 17:31:36','1'),
(833,'G898','游戏',637,1,'','',1,'2022-01-24 17:30:17','1','2022-01-24 17:31:36','1'),
(834,'G898.1','活动性游戏',637,1,'','',1,'2022-01-24 17:30:17','1','2022-01-24 17:31:36','1'),
(835,'G898.2','智力游戏',637,1,'','',1,'2022-01-24 17:30:17','1','2022-01-24 17:31:36','1'),
(836,'G899','其他文体活动',637,1,'','',1,'2022-01-24 17:30:17','1','2022-01-24 17:31:36','1'),
(837,'H','语言、文字',-1,0,'','',1,'2022-01-24 17:30:17','1','2022-01-24 17:31:36','1'),
(838,'H0','语言学',837,1,'','',1,'2022-01-24 17:30:17','1','2022-01-24 17:31:36','1'),
(839,'H1','汉语',837,1,'','',1,'2022-01-24 17:30:17','1','2022-01-24 17:31:36','1'),
(840,'H2','中国少数民族语言',837,1,'','',1,'2022-01-24 17:30:17','1','2022-01-24 17:31:36','1'),
(841,'H3','常用外国语',837,1,'','',1,'2022-01-24 17:30:17','1','2022-01-24 17:31:36','1'),
(842,'H4','汉藏语系',837,1,'','',1,'2022-01-24 17:30:17','1','2022-01-24 17:31:36','1'),
(843,'H5','阿尔泰语系（突厥-蒙古-通古斯语系）',837,1,'','',1,'2022-01-24 17:30:17','1','2022-01-24 17:31:36','1'),
(844,'H61','南亚语系（澳斯特罗-亚细亚语系）',837,1,'','',1,'2022-01-24 17:30:17','1','2022-01-24 17:31:36','1'),
(845,'H62','南印语系（达罗毗荼语系、德拉维达语系）',837,1,'','',1,'2022-01-24 17:30:17','1','2022-01-24 17:31:36','1'),
(846,'H63','南岛语系（马来亚-玻里尼西亚语系）',837,1,'','',1,'2022-01-24 17:30:17','1','2022-01-24 17:31:36','1'),
(847,'H64','东北亚诸语言',837,1,'','',1,'2022-01-24 17:30:17','1','2022-01-24 17:31:36','1'),
(848,'H65','高加索语系（伊比利亚-高加索语系）',837,1,'','',1,'2022-01-24 17:30:17','1','2022-01-24 17:31:36','1'),
(849,'H66','乌拉尔语系（芬兰-乌戈尔语系）',837,1,'','',1,'2022-01-24 17:30:17','1','2022-01-24 17:31:36','1'),
(850,'H67','闪-含语系（阿非罗-亚细亚语系）',837,1,'','',1,'2022-01-24 17:30:17','1','2022-01-24 17:31:36','1'),
(851,'H7','印欧语系',837,1,'','',1,'2022-01-24 17:30:17','1','2022-01-24 17:31:36','1'),
(852,'H81','非洲诸语言',837,1,'','',1,'2022-01-24 17:30:17','1','2022-01-24 17:31:36','1'),
(853,'H83','美洲诸语言',837,1,'','',1,'2022-01-24 17:30:17','1','2022-01-24 17:31:36','1'),
(854,'H84','大洋州诸语言',837,1,'','',1,'2022-01-24 17:30:17','1','2022-01-24 17:31:36','1'),
(855,'H9','国际辅助语（如世界语）',837,1,'','',1,'2022-01-24 17:30:17','1','2022-01-24 17:31:36','1'),
(856,'I','文学',-1,0,'','',1,'2022-01-24 17:30:17','1','2022-01-24 17:31:36','1'),
(857,'I0','文学理论',856,1,'','',1,'2022-01-24 17:30:17','1','2022-01-24 17:31:36','1'),
(858,'I01','文艺美学',856,1,'','',1,'2022-01-24 17:30:17','1','2022-01-24 17:31:36','1'),
(859,'I02','文学理论的基本问题',856,1,'','',1,'2022-01-24 17:30:17','1','2022-01-24 17:31:36','1'),
(860,'I03','文艺工作者',856,1,'','',1,'2022-01-24 17:30:17','1','2022-01-24 17:31:36','1'),
(861,'I04','文学创作论',856,1,'','',1,'2022-01-24 17:30:17','1','2022-01-24 17:31:36','1'),
(862,'I05','各体文学理论和创作方法',856,1,'','',1,'2022-01-24 17:30:17','1','2022-01-24 17:31:36','1'),
(863,'I06','文学评论、文学欣赏',856,1,'','',1,'2022-01-24 17:30:17','1','2022-01-24 17:31:36','1'),
(864,'I1','世界文学',856,1,'','',1,'2022-01-24 17:30:17','1','2022-01-24 17:31:36','1'),
(865,'I1-61','文学词典',856,1,'','',1,'2022-01-24 17:30:17','1','2022-01-24 17:31:36','1'),
(866,'I106','各体文学评论与研究',856,1,'','',1,'2022-01-24 17:30:17','1','2022-01-24 17:31:36','1'),
(867,'I109','文学史、文学思想史',856,1,'','',1,'2022-01-24 17:30:17','1','2022-01-24 17:31:36','1'),
(868,'I11','作品集',856,1,'','',1,'2022-01-24 17:30:17','1','2022-01-24 17:31:36','1'),
(869,'I12','诗歌集',856,1,'','',1,'2022-01-24 17:30:17','1','2022-01-24 17:31:36','1'),
(870,'I13','戏剧',856,1,'','',1,'2022-01-24 17:30:17','1','2022-01-24 17:31:36','1'),
(871,'I14','小说集',856,1,'','',1,'2022-01-24 17:30:17','1','2022-01-24 17:31:36','1'),
(872,'I15','报告文学集',856,1,'','',1,'2022-01-24 17:30:17','1','2022-01-24 17:31:36','1'),
(873,'I16','散文集',856,1,'','',1,'2022-01-24 17:30:17','1','2022-01-24 17:31:36','1'),
(874,'I17','民间文学集',856,1,'','',1,'2022-01-24 17:30:17','1','2022-01-24 17:31:36','1'),
(875,'I18','儿童文学',856,1,'','',1,'2022-01-24 17:30:17','1','2022-01-24 17:31:36','1'),
(876,'I2','中国文学',856,1,'','',1,'2022-01-24 17:30:17','1','2022-01-24 17:31:36','1'),
(877,'I2-49','中国文学普及读物',856,1,'','',1,'2022-01-24 17:30:17','1','2022-01-24 17:31:36','1'),
(878,'I2-61','中国文学词典',856,1,'','',1,'2022-01-24 17:30:17','1','2022-01-24 17:31:36','1'),
(879,'I2-62','中国文学手册、指南',856,1,'','',1,'2022-01-24 17:30:17','1','2022-01-24 17:31:36','1'),
(880,'I200','方针政策及其阐述',856,1,'','',1,'2022-01-24 17:30:17','1','2022-01-24 17:31:36','1'),
(881,'I206','文学评论和研究',856,1,'','',1,'2022-01-24 17:30:17','1','2022-01-24 17:31:36','1'),
(882,'I206.09','文学批评史',856,1,'','',1,'2022-01-24 17:30:17','1','2022-01-24 17:31:36','1'),
(883,'I207','各体文学评论和研究',856,1,'','',1,'2022-01-24 17:30:17','1','2022-01-24 17:31:36','1'),
(884,'I207.2','诗歌、韵文',856,1,'','',1,'2022-01-24 17:30:17','1','2022-01-24 17:31:36','1'),
(885,'I207.3','戏剧',856,1,'','',1,'2022-01-24 17:30:17','1','2022-01-24 17:31:36','1'),
(886,'I207.4','小说',856,1,'','',1,'2022-01-24 17:30:17','1','2022-01-24 17:31:36','1'),
(887,'I207.411','《红楼梦》评论与研究',856,1,'','',1,'2022-01-24 17:30:17','1','2022-01-24 17:31:36','1'),
(888,'I207.412','《水浒》的评论与研究',856,1,'','',1,'2022-01-24 17:30:17','1','2022-01-24 17:31:36','1'),
(889,'I207.413','《三国演义》评论与研究',856,1,'','',1,'2022-01-24 17:30:17','1','2022-01-24 17:31:36','1'),
(890,'I207.5','报告文学',856,1,'','',1,'2022-01-24 17:30:17','1','2022-01-24 17:31:36','1'),
(891,'I207.6','散文',856,1,'','',1,'2022-01-24 17:30:17','1','2022-01-24 17:31:36','1'),
(892,'I207.7','民间文学',856,1,'','',1,'2022-01-24 17:30:17','1','2022-01-24 17:31:36','1'),
(893,'I207.8','儿童文学',856,1,'','',1,'2022-01-24 17:30:17','1','2022-01-24 17:31:36','1'),
(894,'I209','文学史、文学思想史',856,1,'','',1,'2022-01-24 17:30:17','1','2022-01-24 17:31:36','1'),
(895,'I21','文学作品集',856,1,'','',1,'2022-01-24 17:30:17','1','2022-01-24 17:31:36','1'),
(896,'I210','鲁迅作品及研究',856,1,'','',1,'2022-01-24 17:30:17','1','2022-01-24 17:31:36','1'),
(897,'I210.1','全集',856,1,'','',1,'2022-01-24 17:30:17','1','2022-01-24 17:31:36','1'),
(898,'I210.2','选集、文集、语录',856,1,'','',1,'2022-01-24 17:30:17','1','2022-01-24 17:31:36','1'),
(899,'I210.4','杂文、散文',856,1,'','',1,'2022-01-24 17:30:17','1','2022-01-24 17:31:36','1'),
(900,'I210.5','诗',856,1,'','',1,'2022-01-24 17:30:17','1','2022-01-24 17:31:36','1'),
(901,'I210.6','小说',856,1,'','',1,'2022-01-24 17:30:17','1','2022-01-24 17:31:36','1'),
(902,'I210.7','日记、书信',856,1,'','',1,'2022-01-24 17:30:17','1','2022-01-24 17:31:36','1'),
(903,'I210.96','鲁迅思想的学习和研究',856,1,'','',1,'2022-01-24 17:30:17','1','2022-01-24 17:31:36','1'),
(904,'I210.97','著作研究',856,1,'','',1,'2022-01-24 17:30:17','1','2022-01-24 17:31:36','1'),
(905,'I211','作品综合集',856,1,'','',1,'2022-01-24 17:30:17','1','2022-01-24 17:31:36','1'),
(906,'I212/217','各时代作品集',856,1,'','',1,'2022-01-24 17:30:17','1','2022-01-24 17:31:36','1'),
(907,'I218','地方作品综合集',856,1,'','',1,'2022-01-24 17:30:17','1','2022-01-24 17:31:36','1'),
(908,'I219','群众文艺演唱材料',856,1,'','',1,'2022-01-24 17:30:17','1','2022-01-24 17:31:36','1'),
(909,'I22','诗歌、韵文',856,1,'','',1,'2022-01-24 17:30:17','1','2022-01-24 17:31:36','1'),
(910,'I222','古代作品',856,1,'','',1,'2022-01-24 17:30:17','1','2022-01-24 17:31:36','1'),
(911,'I226','现代作品（1911-1949）',856,1,'','',1,'2022-01-24 17:30:17','1','2022-01-24 17:31:36','1'),
(912,'I227','当代作品（1949-）',856,1,'','',1,'2022-01-24 17:30:17','1','2022-01-24 17:31:36','1'),
(913,'I23','戏剧',856,1,'','',1,'2022-01-24 17:30:17','1','2022-01-24 17:31:36','1'),
(914,'I230','综合集',856,1,'','',1,'2022-01-24 17:30:17','1','2022-01-24 17:31:36','1'),
(915,'I232','京剧',856,1,'','',1,'2022-01-24 17:30:17','1','2022-01-24 17:31:36','1'),
(916,'I233','歌剧、歌舞剧、秧歌剧',856,1,'','',1,'2022-01-24 17:30:17','1','2022-01-24 17:31:36','1'),
(917,'I234','话剧',856,1,'','',1,'2022-01-24 17:30:17','1','2022-01-24 17:31:36','1'),
(918,'I235','电影、电视、广播剧本',856,1,'','',1,'2022-01-24 17:30:17','1','2022-01-24 17:31:36','1'),
(919,'I236','地方剧',856,1,'','',1,'2022-01-24 17:30:17','1','2022-01-24 17:31:36','1'),
(920,'I237','古代戏曲',856,1,'','',1,'2022-01-24 17:30:17','1','2022-01-24 17:31:36','1'),
(921,'I239','曲艺',856,1,'','',1,'2022-01-24 17:30:17','1','2022-01-24 17:31:36','1'),
(922,'I239.8','评书',856,1,'','',1,'2022-01-24 17:30:17','1','2022-01-24 17:31:36','1'),
(923,'I24','小说',856,1,'','',1,'2022-01-24 17:30:17','1','2022-01-24 17:31:36','1'),
(924,'I242','古代至近代作品（?--1919年）',856,1,'','',1,'2022-01-24 17:30:17','1','2022-01-24 17:31:36','1'),
(925,'I242.1','笔记小说',856,1,'','',1,'2022-01-24 17:30:17','1','2022-01-24 17:31:36','1'),
(926,'I242.3','话本、评话',856,1,'','',1,'2022-01-24 17:30:17','1','2022-01-24 17:31:36','1'),
(927,'I242.4','章回小说',856,1,'','',1,'2022-01-24 17:30:17','1','2022-01-24 17:31:36','1'),
(928,'I242.7','短篇小说',856,1,'','',1,'2022-01-24 17:30:17','1','2022-01-24 17:31:36','1'),
(929,'I246','现代作品（1919--1949）',856,1,'','',1,'2022-01-24 17:30:17','1','2022-01-24 17:31:36','1'),
(930,'I246.1','笔记小说',856,1,'','',1,'2022-01-24 17:30:17','1','2022-01-24 17:31:36','1'),
(931,'I246.3','评话',856,1,'','',1,'2022-01-24 17:30:17','1','2022-01-24 17:31:36','1'),
(932,'I246.4','章回小说',856,1,'','',1,'2022-01-24 17:30:17','1','2022-01-24 17:31:36','1'),
(933,'I246.5','新体长篇、中篇小说',856,1,'','',1,'2022-01-24 17:30:17','1','2022-01-24 17:31:36','1'),
(934,'I246.7','新体短篇小说',856,1,'','',1,'2022-01-24 17:30:17','1','2022-01-24 17:31:36','1'),
(935,'I246.8','故事',856,1,'','',1,'2022-01-24 17:30:17','1','2022-01-24 17:31:36','1'),
(936,'I247','当代作品（1949--）',856,1,'','',1,'2022-01-24 17:30:17','1','2022-01-24 17:31:36','1'),
(937,'I247.4','章回小说',856,1,'','',1,'2022-01-24 17:30:17','1','2022-01-24 17:31:36','1'),
(938,'I247.5','新体长、中篇小说',856,1,'','',1,'2022-01-24 17:30:17','1','2022-01-24 17:31:36','1'),
(939,'I247.51','革命斗争小说',856,1,'','',1,'2022-01-24 17:30:17','1','2022-01-24 17:31:36','1'),
(940,'I247.52','军事小说',856,1,'','',1,'2022-01-24 17:30:17','1','2022-01-24 17:31:36','1'),
(941,'I247.53','史传小说',856,1,'','',1,'2022-01-24 17:30:17','1','2022-01-24 17:31:36','1'),
(942,'I247.54','经济、政治建设小说',856,1,'','',1,'2022-01-24 17:30:17','1','2022-01-24 17:31:36','1'),
(943,'I247.55','科幻小说',856,1,'','',1,'2022-01-24 17:30:17','1','2022-01-24 17:31:36','1'),
(944,'I247.56','惊险推理小说',856,1,'','',1,'2022-01-24 17:30:17','1','2022-01-24 17:31:36','1'),
(945,'I247.57','社会言情小说',856,1,'','',1,'2022-01-24 17:30:17','1','2022-01-24 17:31:36','1'),
(946,'I247.58','武侠小说',856,1,'','',1,'2022-01-24 17:30:17','1','2022-01-24 17:31:36','1'),
(947,'I247.59','其他题材小说',856,1,'','',1,'2022-01-24 17:30:17','1','2022-01-24 17:31:36','1'),
(948,'I247.7','新体短篇小说',856,1,'','',1,'2022-01-24 17:30:17','1','2022-01-24 17:31:36','1'),
(949,'I247.8','故事、微型小说',856,1,'','',1,'2022-01-24 17:30:17','1','2022-01-24 17:31:36','1'),
(950,'I25','报告文学',856,1,'','',1,'2022-01-24 17:30:17','1','2022-01-24 17:31:36','1'),
(951,'I251','回忆录',856,1,'','',1,'2022-01-24 17:30:17','1','2022-01-24 17:31:36','1'),
(952,'I252','厂史、村史、家史',856,1,'','',1,'2022-01-24 17:30:17','1','2022-01-24 17:31:36','1'),
(953,'I253','通讯、特写',856,1,'','',1,'2022-01-24 17:30:17','1','2022-01-24 17:31:36','1'),
(954,'I253.1','政治、法律',856,1,'','',1,'2022-01-24 17:30:17','1','2022-01-24 17:31:36','1'),
(955,'I253.2','军事、国防建设',856,1,'','',1,'2022-01-24 17:30:17','1','2022-01-24 17:31:36','1'),
(956,'I253.3','经济',856,1,'','',1,'2022-01-24 17:30:17','1','2022-01-24 17:31:36','1'),
(957,'I253.4','文化、教育、体育',856,1,'','',1,'2022-01-24 17:30:17','1','2022-01-24 17:31:36','1'),
(958,'I253.5','文学、艺术',856,1,'','',1,'2022-01-24 17:30:17','1','2022-01-24 17:31:36','1'),
(959,'I253.6','科学与工程技术',856,1,'','',1,'2022-01-24 17:30:17','1','2022-01-24 17:31:36','1'),
(960,'I253.7','社会生活与社会问题',856,1,'','',1,'2022-01-24 17:30:17','1','2022-01-24 17:31:36','1'),
(961,'I253.9','其他',856,1,'','',1,'2022-01-24 17:30:17','1','2022-01-24 17:31:36','1'),
(962,'I26','散文',856,1,'','',1,'2022-01-24 17:30:17','1','2022-01-24 17:31:36','1'),
(963,'I262','古代作品（公元前21世纪--公元前475年）',856,1,'','',1,'2022-01-24 17:30:17','1','2022-01-24 17:31:36','1'),
(964,'I263','封建社会作品（公元前475--1840）',856,1,'','',1,'2022-01-24 17:30:17','1','2022-01-24 17:31:36','1'),
(965,'I265','近代作品（1840--1919）',856,1,'','',1,'2022-01-24 17:30:17','1','2022-01-24 17:31:36','1'),
(966,'I266','现代作品（1919--1949）',856,1,'','',1,'2022-01-24 17:30:17','1','2022-01-24 17:31:36','1'),
(967,'I266.1','随笔、杂文',856,1,'','',1,'2022-01-24 17:30:17','1','2022-01-24 17:31:36','1'),
(968,'I266.3','小品文',856,1,'','',1,'2022-01-24 17:30:17','1','2022-01-24 17:31:36','1'),
(969,'I266.4','游记',856,1,'','',1,'2022-01-24 17:30:17','1','2022-01-24 17:31:36','1'),
(970,'I266.5','书信、日记',856,1,'','',1,'2022-01-24 17:30:17','1','2022-01-24 17:31:36','1'),
(971,'I267','当代作品(1949--)',856,1,'','',1,'2022-01-24 17:30:17','1','2022-01-24 17:31:36','1'),
(972,'I269','杂著',856,1,'','',1,'2022-01-24 17:30:17','1','2022-01-24 17:31:36','1'),
(973,'I27','民间文学',856,1,'','',1,'2022-01-24 17:30:17','1','2022-01-24 17:31:36','1'),
(974,'I276','古代至现代作品（?--1949年）',856,1,'','',1,'2022-01-24 17:30:17','1','2022-01-24 17:31:36','1'),
(975,'I277','当代作品（1949--）',856,1,'','',1,'2022-01-24 17:30:17','1','2022-01-24 17:31:36','1'),
(976,'I277.2','民间歌谣',856,1,'','',1,'2022-01-24 17:30:17','1','2022-01-24 17:31:36','1'),
(977,'I277.3','民间故事、传说',856,1,'','',1,'2022-01-24 17:30:17','1','2022-01-24 17:31:36','1'),
(978,'I277.4','寓言',856,1,'','',1,'2022-01-24 17:30:17','1','2022-01-24 17:31:36','1'),
(979,'I277.5','神话',856,1,'','',1,'2022-01-24 17:30:17','1','2022-01-24 17:31:36','1'),
(980,'I277.7','谚语',856,1,'','',1,'2022-01-24 17:30:17','1','2022-01-24 17:31:36','1'),
(981,'I277.8','谜语、笑话、幽默',856,1,'','',1,'2022-01-24 17:30:17','1','2022-01-24 17:31:36','1'),
(982,'I28','儿童文学',856,1,'','',1,'2022-01-24 17:30:17','1','2022-01-24 17:31:36','1'),
(983,'I286','古代至现代作品（?--1949年）',856,1,'','',1,'2022-01-24 17:30:17','1','2022-01-24 17:31:36','1'),
(984,'I287','当代作品（1949--）',856,1,'','',1,'2022-01-24 17:30:17','1','2022-01-24 17:31:36','1'),
(985,'I287.2','诗歌、童谣',856,1,'','',1,'2022-01-24 17:30:17','1','2022-01-24 17:31:36','1'),
(986,'I287.3','儿童戏剧、歌舞剧',856,1,'','',1,'2022-01-24 17:30:17','1','2022-01-24 17:31:36','1'),
(987,'I287.4','儿童小说',856,1,'','',1,'2022-01-24 17:30:17','1','2022-01-24 17:31:36','1'),
(988,'I287.45','长篇、中篇小说',856,1,'','',1,'2022-01-24 17:30:17','1','2022-01-24 17:31:36','1'),
(989,'I287.47','短篇小说、微型小说',856,1,'','',1,'2022-01-24 17:30:17','1','2022-01-24 17:31:36','1'),
(990,'I287.5','儿童故事',856,1,'','',1,'2022-01-24 17:30:17','1','2022-01-24 17:31:36','1'),
(991,'I287.6','儿童散文',856,1,'','',1,'2022-01-24 17:30:17','1','2022-01-24 17:31:36','1'),
(992,'I287.7','童话、寓言',856,1,'','',1,'2022-01-24 17:30:17','1','2022-01-24 17:31:36','1'),
(993,'I287.8','图画故事',856,1,'','',1,'2022-01-24 17:30:17','1','2022-01-24 17:31:36','1'),
(994,'I29','少数民族文学',856,1,'','',1,'2022-01-24 17:30:17','1','2022-01-24 17:31:36','1'),
(995,'I3','亚洲文学',856,1,'','',1,'2022-01-24 17:30:17','1','2022-01-24 17:31:36','1'),
(996,'I4','非洲文学',856,1,'','',1,'2022-01-24 17:30:17','1','2022-01-24 17:31:36','1'),
(997,'I5','欧洲文学',856,1,'','',1,'2022-01-24 17:30:17','1','2022-01-24 17:31:36','1'),
(998,'I6','大洋洲文学',856,1,'','',1,'2022-01-24 17:30:17','1','2022-01-24 17:31:36','1'),
(999,'I7','美洲文学',856,1,'','',1,'2022-01-24 17:30:17','1','2022-01-24 17:31:36','1'),
(1000,'I313','日本文学',856,1,'','',1,'2022-01-24 17:30:17','1','2022-01-24 17:31:36','1'),
(1001,'I312','朝鲜文学',856,1,'','',1,'2022-01-24 17:30:17','1','2022-01-24 17:31:36','1'),
(1002,'I333','越南文学',856,1,'','',1,'2022-01-24 17:30:17','1','2022-01-24 17:31:36','1'),
(1003,'I336','泰国文学',856,1,'','',1,'2022-01-24 17:30:17','1','2022-01-24 17:31:36','1'),
(1004,'I339','新加坡文学',856,1,'','',1,'2022-01-24 17:30:17','1','2022-01-24 17:31:36','1'),
(1005,'I351','印度文学',856,1,'','',1,'2022-01-24 17:30:17','1','2022-01-24 17:31:36','1'),
(1006,'I371','阿拉伯地区文学',856,1,'','',1,'2022-01-24 17:30:17','1','2022-01-24 17:31:36','1'),
(1007,'I512','前苏联文学',856,1,'','',1,'2022-01-24 17:30:17','1','2022-01-24 17:31:36','1'),
(1008,'I513','波兰文学',856,1,'','',1,'2022-01-24 17:30:17','1','2022-01-24 17:31:36','1'),
(1009,'I514','捷克文学',856,1,'','',1,'2022-01-24 17:30:17','1','2022-01-24 17:31:36','1'),
(1010,'I515','匈牙利文学',856,1,'','',1,'2022-01-24 17:30:17','1','2022-01-24 17:31:36','1'),
(1011,'I516','德国文学',856,1,'','',1,'2022-01-24 17:30:17','1','2022-01-24 17:31:36','1'),
(1012,'I561','英国文学',856,1,'','',1,'2022-01-24 17:30:17','1','2022-01-24 17:31:36','1'),
(1013,'I521','奥地利文学',856,1,'','',1,'2022-01-24 17:30:17','1','2022-01-24 17:31:36','1'),
(1014,'I532','瑞典文学',856,1,'','',1,'2022-01-24 17:30:17','1','2022-01-24 17:31:36','1'),
(1015,'I533','挪威文学',856,1,'','',1,'2022-01-24 17:30:17','1','2022-01-24 17:31:36','1'),
(1016,'I534','丹麦文学',856,1,'','',1,'2022-01-24 17:30:17','1','2022-01-24 17:31:36','1'),
(1017,'I545','希腊文学',856,1,'','',1,'2022-01-24 17:30:17','1','2022-01-24 17:31:36','1'),
(1018,'I546','意大利文学',856,1,'','',1,'2022-01-24 17:30:17','1','2022-01-24 17:31:36','1'),
(1019,'I562','爱尔兰文学',856,1,'','',1,'2022-01-24 17:30:17','1','2022-01-24 17:31:36','1'),
(1020,'I565','法国文学',856,1,'','',1,'2022-01-24 17:30:17','1','2022-01-24 17:31:36','1'),
(1021,'I611','澳大利亚文学',856,1,'','',1,'2022-01-24 17:30:17','1','2022-01-24 17:31:36','1'),
(1022,'I711','加拿大文学',856,1,'','',1,'2022-01-24 17:30:17','1','2022-01-24 17:31:36','1'),
(1023,'I712','美国文学',856,1,'','',1,'2022-01-24 17:30:17','1','2022-01-24 17:31:36','1'),
(1024,'I777','巴西文学',856,1,'','',1,'2022-01-24 17:30:17','1','2022-01-24 17:31:36','1'),
(1025,'I775','哥伦比亚文学',856,1,'','',1,'2022-01-24 17:30:17','1','2022-01-24 17:31:36','1'),
(1026,'I783','阿根廷文学',856,1,'','',1,'2022-01-24 17:30:17','1','2022-01-24 17:31:36','1'),
(1027,'J','艺术',-1,0,'','',1,'2022-01-24 17:30:17','1','2022-01-24 17:31:36','1'),
(1028,'J0','艺术理论',1027,1,'','',1,'2022-01-24 17:30:17','1','2022-01-24 17:31:36','1'),
(1029,'J1','世界各国艺术概况',1027,1,'','',1,'2022-01-24 17:30:17','1','2022-01-24 17:31:36','1'),
(1030,'J2','绘画 29 书法、篆刻',1027,1,'','',1,'2022-01-24 17:30:17','1','2022-01-24 17:31:36','1'),
(1031,'J3','雕塑',1027,1,'','',1,'2022-01-24 17:30:17','1','2022-01-24 17:31:36','1'),
(1032,'J4','摄影艺术',1027,1,'','',1,'2022-01-24 17:30:17','1','2022-01-24 17:31:36','1'),
(1033,'J5','工艺美术',1027,1,'','',1,'2022-01-24 17:30:17','1','2022-01-24 17:31:36','1'),
(1034,'J6','音乐',1027,1,'','',1,'2022-01-24 17:30:17','1','2022-01-24 17:31:36','1'),
(1035,'J7','舞蹈',1027,1,'','',1,'2022-01-24 17:30:17','1','2022-01-24 17:31:36','1'),
(1036,'J8','戏剧艺术',1027,1,'','',1,'2022-01-24 17:30:17','1','2022-01-24 17:31:36','1'),
(1037,'J9','电影、电视艺术',1027,1,'','',1,'2022-01-24 17:30:17','1','2022-01-24 17:31:36','1'),
(1038,'K','历史、地理',-1,0,'','',1,'2022-01-24 17:30:17','1','2022-01-24 17:31:36','1'),
(1039,'K0','史学理论',1038,1,'','',1,'2022-01-24 17:30:17','1','2022-01-24 17:31:36','1'),
(1040,'K1','世界史',1038,1,'','',1,'2022-01-24 17:30:17','1','2022-01-24 17:31:36','1'),
(1041,'K2','中国史',1038,1,'','',1,'2022-01-24 17:30:17','1','2022-01-24 17:31:36','1'),
(1042,'K3','亚洲史',1038,1,'','',1,'2022-01-24 17:30:17','1','2022-01-24 17:31:36','1'),
(1043,'K4','非洲史',1038,1,'','',1,'2022-01-24 17:30:17','1','2022-01-24 17:31:36','1'),
(1044,'K5','欧洲史',1038,1,'','',1,'2022-01-24 17:30:17','1','2022-01-24 17:31:36','1'),
(1045,'K6','大洋洲史',1038,1,'','',1,'2022-01-24 17:30:17','1','2022-01-24 17:31:36','1'),
(1046,'K7','美洲史',1038,1,'','',1,'2022-01-24 17:30:17','1','2022-01-24 17:31:36','1'),
(1047,'K81','传记',1038,1,'','',1,'2022-01-24 17:30:17','1','2022-01-24 17:31:36','1'),
(1048,'K85','文物考古',1038,1,'','',1,'2022-01-24 17:30:17','1','2022-01-24 17:31:36','1'),
(1049,'K89','风俗习惯',1038,1,'','',1,'2022-01-24 17:30:17','1','2022-01-24 17:31:36','1'),
(1050,'K9','地理',1038,1,'','',1,'2022-01-24 17:30:17','1','2022-01-24 17:31:36','1'),
(1051,'N','自然科学总论',-1,0,'','',1,'2022-01-24 17:30:17','1','2022-01-24 17:31:36','1'),
(1052,'N0','自然科学理论与方法论',1051,1,'','',1,'2022-01-24 17:30:17','1','2022-01-24 17:31:36','1'),
(1053,'N1','自然科学现状及发展',1051,1,'','',1,'2022-01-24 17:30:17','1','2022-01-24 17:31:36','1'),
(1054,'N2','自然科学机关、团体、会议',1051,1,'','',1,'2022-01-24 17:30:17','1','2022-01-24 17:31:36','1'),
(1055,'N3','自然科学研究方法',1051,1,'','',1,'2022-01-24 17:30:17','1','2022-01-24 17:31:36','1'),
(1056,'N4','自然科学教育及普及',1051,1,'','',1,'2022-01-24 17:30:17','1','2022-01-24 17:31:36','1'),
(1057,'N5','自然科学丛书、文集、连续性出版物',1051,1,'','',1,'2022-01-24 17:30:17','1','2022-01-24 17:31:36','1'),
(1058,'N6','自然科学参考工具书',1051,1,'','',1,'2022-01-24 17:30:17','1','2022-01-24 17:31:36','1'),
(1059,'N8','自然科学调查、考察',1051,1,'','',1,'2022-01-24 17:30:17','1','2022-01-24 17:31:36','1'),
(1060,'N91','自然研究、自然历史',1051,1,'','',1,'2022-01-24 17:30:17','1','2022-01-24 17:31:36','1'),
(1061,'N93','非线性科学',1051,1,'','',1,'2022-01-24 17:30:17','1','2022-01-24 17:31:36','1'),
(1062,'N94','系统科学',1051,1,'','',1,'2022-01-24 17:30:17','1','2022-01-24 17:31:36','1'),
(1063,'O','数理科学和化学',-1,0,'','',1,'2022-01-24 17:30:17','1','2022-01-24 17:31:36','1'),
(1064,'O1','数学',1063,1,'','',1,'2022-01-24 17:30:17','1','2022-01-24 17:31:36','1'),
(1065,'O3','力学',1063,1,'','',1,'2022-01-24 17:30:17','1','2022-01-24 17:31:36','1'),
(1066,'O4','物理学',1063,1,'','',1,'2022-01-24 17:30:17','1','2022-01-24 17:31:36','1'),
(1067,'O6','化学',1063,1,'','',1,'2022-01-24 17:30:17','1','2022-01-24 17:31:36','1'),
(1068,'O7','晶体学',1063,1,'','',1,'2022-01-24 17:30:17','1','2022-01-24 17:31:36','1'),
(1069,'P','天文学、地球科学',-1,0,'','',1,'2022-01-24 17:30:17','1','2022-01-24 17:31:36','1'),
(1070,'P1','天文学',1069,1,'','',1,'2022-01-24 17:30:17','1','2022-01-24 17:31:36','1'),
(1071,'P2','测绘学',1069,1,'','',1,'2022-01-24 17:30:17','1','2022-01-24 17:31:36','1'),
(1072,'P3','地球物理学',1069,1,'','',1,'2022-01-24 17:30:17','1','2022-01-24 17:31:36','1'),
(1073,'P4','大气科学（气象学）',1069,1,'','',1,'2022-01-24 17:30:17','1','2022-01-24 17:31:36','1'),
(1074,'P5','地质学',1069,1,'','',1,'2022-01-24 17:30:17','1','2022-01-24 17:31:36','1'),
(1075,'P7','海洋学',1069,1,'','',1,'2022-01-24 17:30:17','1','2022-01-24 17:31:36','1'),
(1076,'P9','自然地理学',1069,1,'','',1,'2022-01-24 17:30:17','1','2022-01-24 17:31:36','1'),
(1077,'Q','生物科学',-1,0,'','',1,'2022-01-24 17:30:17','1','2022-01-24 17:31:36','1'),
(1078,'Q1','普通生物学',1077,1,'','',1,'2022-01-24 17:30:17','1','2022-01-24 17:31:36','1'),
(1079,'Q2','细胞学',1077,1,'','',1,'2022-01-24 17:30:17','1','2022-01-24 17:31:36','1'),
(1080,'Q3','遗传学',1077,1,'','',1,'2022-01-24 17:30:17','1','2022-01-24 17:31:36','1'),
(1081,'Q4','生理学',1077,1,'','',1,'2022-01-24 17:30:17','1','2022-01-24 17:31:36','1'),
(1082,'Q5','生物化学',1077,1,'','',1,'2022-01-24 17:30:17','1','2022-01-24 17:31:36','1'),
(1083,'Q6','生物物理学',1077,1,'','',1,'2022-01-24 17:30:17','1','2022-01-24 17:31:36','1'),
(1084,'Q7','分子生物学',1077,1,'','',1,'2022-01-24 17:30:17','1','2022-01-24 17:31:36','1'),
(1085,'Q81','生物工程学（生物技术）',1077,1,'','',1,'2022-01-24 17:30:17','1','2022-01-24 17:31:36','1'),
(1086,'Q91','古生物学',1077,1,'','',1,'2022-01-24 17:30:17','1','2022-01-24 17:31:36','1'),
(1087,'Q93','微生物学',1077,1,'','',1,'2022-01-24 17:30:17','1','2022-01-24 17:31:36','1'),
(1088,'Q94','植物学',1077,1,'','',1,'2022-01-24 17:30:17','1','2022-01-24 17:31:36','1'),
(1089,'Q95','动物学',1077,1,'','',1,'2022-01-24 17:30:17','1','2022-01-24 17:31:36','1'),
(1090,'Q96','昆虫学',1077,1,'','',1,'2022-01-24 17:30:17','1','2022-01-24 17:31:36','1'),
(1091,'Q98','人类学',1077,1,'','',1,'2022-01-24 17:30:17','1','2022-01-24 17:31:36','1'),
(1092,'R','医药、卫生',-1,0,'','',1,'2022-01-24 17:30:17','1','2022-01-24 17:31:36','1'),
(1093,'R1','预防医学、卫生学',1092,1,'','',1,'2022-01-24 17:30:17','1','2022-01-24 17:31:36','1'),
(1094,'R2','中国医学',1092,1,'','',1,'2022-01-24 17:30:17','1','2022-01-24 17:31:36','1'),
(1095,'R3','基础医学',1092,1,'','',1,'2022-01-24 17:30:17','1','2022-01-24 17:31:36','1'),
(1096,'R4','临床医学',1092,1,'','',1,'2022-01-24 17:30:17','1','2022-01-24 17:31:36','1'),
(1097,'R5','内科学',1092,1,'','',1,'2022-01-24 17:30:17','1','2022-01-24 17:31:36','1'),
(1098,'R6','外科学',1092,1,'','',1,'2022-01-24 17:30:17','1','2022-01-24 17:31:36','1'),
(1099,'R71','妇产科学',1092,1,'','',1,'2022-01-24 17:30:17','1','2022-01-24 17:31:36','1'),
(1100,'R72','儿科学',1092,1,'','',1,'2022-01-24 17:30:17','1','2022-01-24 17:31:36','1'),
(1101,'R73','肿瘤学',1092,1,'','',1,'2022-01-24 17:30:17','1','2022-01-24 17:31:36','1'),
(1102,'R74','神经病学与精神病学',1092,1,'','',1,'2022-01-24 17:30:17','1','2022-01-24 17:31:36','1'),
(1103,'R75','皮肤病学与性病学',1092,1,'','',1,'2022-01-24 17:30:17','1','2022-01-24 17:31:36','1'),
(1104,'R76','耳鼻喉科学',1092,1,'','',1,'2022-01-24 17:30:17','1','2022-01-24 17:31:36','1'),
(1105,'R77','眼科学',1092,1,'','',1,'2022-01-24 17:30:17','1','2022-01-24 17:31:36','1'),
(1106,'R78','口腔科学',1092,1,'','',1,'2022-01-24 17:30:17','1','2022-01-24 17:31:36','1'),
(1107,'R79','外国民族医学',1092,1,'','',1,'2022-01-24 17:30:17','1','2022-01-24 17:31:36','1'),
(1108,'R8','特种医学',1092,1,'','',1,'2022-01-24 17:30:17','1','2022-01-24 17:31:36','1'),
(1109,'R9','药学',1092,1,'','',1,'2022-01-24 17:30:17','1','2022-01-24 17:31:36','1'),
(1110,'S','农业科学',-1,0,'','',1,'2022-01-24 17:30:17','1','2022-01-24 17:31:36','1'),
(1111,'S1','农业基础科学',1110,1,'','',1,'2022-01-24 17:30:17','1','2022-01-24 17:31:36','1'),
(1112,'S2','农业工程',1110,1,'','',1,'2022-01-24 17:30:17','1','2022-01-24 17:31:36','1'),
(1113,'S3','农学（农艺学）',1110,1,'','',1,'2022-01-24 17:30:17','1','2022-01-24 17:31:36','1'),
(1114,'S4','植物保护',1110,1,'','',1,'2022-01-24 17:30:17','1','2022-01-24 17:31:36','1'),
(1115,'S5','农作物',1110,1,'','',1,'2022-01-24 17:30:17','1','2022-01-24 17:31:36','1'),
(1116,'S6','园艺',1110,1,'','',1,'2022-01-24 17:30:17','1','2022-01-24 17:31:36','1'),
(1117,'S7','林业',1110,1,'','',1,'2022-01-24 17:30:17','1','2022-01-24 17:31:36','1'),
(1118,'S8','畜牧、兽医、狩猎、蚕、蜂',1110,1,'','',1,'2022-01-24 17:30:17','1','2022-01-24 17:31:36','1'),
(1119,'S9','水产、渔业',1110,1,'','',1,'2022-01-24 17:30:17','1','2022-01-24 17:31:36','1'),
(1120,'T','工业技术',-1,0,'','',1,'2022-01-24 17:30:17','1','2022-01-24 17:31:36','1'),
(1121,'TB','一般工业技术',1120,1,'','',1,'2022-01-24 17:30:17','1','2022-01-24 17:31:36','1'),
(1122,'TD','矿业工程',1120,1,'','',1,'2022-01-24 17:30:17','1','2022-01-24 17:31:36','1'),
(1123,'TE','石油、天然气工程',1120,1,'','',1,'2022-01-24 17:30:17','1','2022-01-24 17:31:36','1'),
(1124,'TF','冶金工业',1120,1,'','',1,'2022-01-24 17:30:17','1','2022-01-24 17:31:36','1'),
(1125,'TG','金属学与金属工艺',1120,1,'','',1,'2022-01-24 17:30:17','1','2022-01-24 17:31:36','1'),
(1126,'TH','机械、仪表工业',1120,1,'','',1,'2022-01-24 17:30:17','1','2022-01-24 17:31:36','1'),
(1127,'TJ','武器工业',1120,1,'','',1,'2022-01-24 17:30:17','1','2022-01-24 17:31:36','1'),
(1128,'TK','能源与动力工程',1120,1,'','',1,'2022-01-24 17:30:17','1','2022-01-24 17:31:36','1'),
(1129,'TL','原子能技术',1120,1,'','',1,'2022-01-24 17:30:17','1','2022-01-24 17:31:36','1'),
(1130,'TM','电工技术',1120,1,'','',1,'2022-01-24 17:30:17','1','2022-01-24 17:31:36','1'),
(1131,'TN','电子技术、通信技术',1120,1,'','',1,'2022-01-24 17:30:17','1','2022-01-24 17:31:36','1'),
(1132,'TP','自动化技术、计算机技术',1120,1,'','',1,'2022-01-24 17:30:17','1','2022-01-24 17:31:36','1'),
(1133,'TQ','化学工业',1120,1,'','',1,'2022-01-24 17:30:17','1','2022-01-24 17:31:36','1'),
(1134,'TS','轻工业、手工业',1120,1,'','',1,'2022-01-24 17:30:17','1','2022-01-24 17:31:36','1'),
(1135,'TU','建筑科学',1120,1,'','',1,'2022-01-24 17:30:17','1','2022-01-24 17:31:36','1'),
(1136,'TV','水利工程',1120,1,'','',1,'2022-01-24 17:30:17','1','2022-01-24 17:31:36','1'),
(1137,'U','交通运输',-1,0,'','',1,'2022-01-24 17:30:17','1','2022-01-24 17:31:36','1'),
(1138,'U1','综合运输',1137,1,'','',1,'2022-01-24 17:30:17','1','2022-01-24 17:31:36','1'),
(1139,'U2','铁路运输',1137,1,'','',1,'2022-01-24 17:30:17','1','2022-01-24 17:31:36','1'),
(1140,'U3','公路运输',1137,1,'','',1,'2022-01-24 17:30:17','1','2022-01-24 17:31:36','1'),
(1141,'U6','水路运输',1137,1,'','',1,'2022-01-24 17:30:17','1','2022-01-24 17:31:36','1'),
(1142,'V','航空、航天',-1,0,'','',1,'2022-01-24 17:30:17','1','2022-01-24 17:31:36','1'),
(1143,'V1','航空、航天技术的研究与探索',1142,1,'','',1,'2022-01-24 17:30:17','1','2022-01-24 17:31:36','1'),
(1144,'V2','航空',1142,1,'','',1,'2022-01-24 17:30:17','1','2022-01-24 17:31:36','1'),
(1145,'V3','航天（宇宙航行）',1142,1,'','',1,'2022-01-24 17:30:17','1','2022-01-24 17:31:36','1'),
(1146,'X','环境科学、安全科学',-1,0,'','',1,'2022-01-24 17:30:17','1','2022-01-24 17:31:36','1'),
(1147,'X1','环境科学基础理论',1146,1,'','',1,'2022-01-24 17:30:17','1','2022-01-24 17:31:36','1'),
(1148,'X2','社会与环境',1146,1,'','',1,'2022-01-24 17:30:17','1','2022-01-24 17:31:36','1'),
(1149,'X3','环境保护管理',1146,1,'','',1,'2022-01-24 17:30:17','1','2022-01-24 17:31:36','1'),
(1150,'X4','灾害及其防治',1146,1,'','',1,'2022-01-24 17:30:17','1','2022-01-24 17:31:36','1'),
(1151,'X5','环境污染及其防治',1146,1,'','',1,'2022-01-24 17:30:17','1','2022-01-24 17:31:36','1'),
(1152,'X7','废物处理与综合利用',1146,1,'','',1,'2022-01-24 17:30:17','1','2022-01-24 17:31:36','1'),
(1153,'X8','环境质量评价与环境监测',1146,1,'','',1,'2022-01-24 17:30:17','1','2022-01-24 17:31:36','1'),
(1154,'X9','安全科学',1146,1,'','',1,'2022-01-24 17:30:17','1','2022-01-24 17:31:36','1'),
(1155,'Z','综合性图书',-1,0,'','',1,'2022-01-24 17:30:17','1','2022-01-24 17:31:36','1'),
(1156,'Z1','丛书',1155,1,'','',1,'2022-01-24 17:30:17','1','2022-01-24 17:31:36','1'),
(1157,'Z12','中国丛书',1155,1,'','',1,'2022-01-24 17:30:17','1','2022-01-24 17:31:36','1'),
(1158,'Z126','旧经籍',1155,1,'','',1,'2022-01-24 17:30:17','1','2022-01-24 17:31:36','1'),
(1159,'Z13','亚洲各国丛书',1155,1,'','',1,'2022-01-24 17:30:17','1','2022-01-24 17:31:36','1'),
(1160,'Z14','非洲各国丛书',1155,1,'','',1,'2022-01-24 17:30:17','1','2022-01-24 17:31:36','1'),
(1161,'Z15','欧洲各国丛书',1155,1,'','',1,'2022-01-24 17:30:17','1','2022-01-24 17:31:36','1'),
(1162,'Z16','大洋洲各国丛书',1155,1,'','',1,'2022-01-24 17:30:17','1','2022-01-24 17:31:36','1'),
(1163,'Z17','美洲各国丛书',1155,1,'','',1,'2022-01-24 17:30:17','1','2022-01-24 17:31:36','1'),
(1164,'Z2','百科全书、类书',1155,1,'','',1,'2022-01-24 17:30:17','1','2022-01-24 17:31:36','1'),
(1165,'Z22','中国百科全书、类书',1155,1,'','',1,'2022-01-24 17:30:17','1','2022-01-24 17:31:36','1'),
(1166,'Z227','现代',1155,1,'','',1,'2022-01-24 17:30:17','1','2022-01-24 17:31:36','1'),
(1167,'Z228','综合性普及读物',1155,1,'','',1,'2022-01-24 17:30:17','1','2022-01-24 17:31:36','1'),
(1168,'Z228.1','少年儿童读物',1155,1,'','',1,'2022-01-24 17:30:17','1','2022-01-24 17:31:36','1'),
(1169,'Z228.2','青年读物',1155,1,'','',1,'2022-01-24 17:30:17','1','2022-01-24 17:31:36','1'),
(1170,'Z228.3','中老年读物',1155,1,'','',1,'2022-01-24 17:30:17','1','2022-01-24 17:31:36','1'),
(1171,'Z228.4','女性读物',1155,1,'','',1,'2022-01-24 17:30:17','1','2022-01-24 17:31:36','1'),
(1172,'Z228.5','男性读物',1155,1,'','',1,'2022-01-24 17:30:17','1','2022-01-24 17:31:36','1'),
(1173,'Z23','亚洲各国百科全书',1155,1,'','',1,'2022-01-24 17:30:17','1','2022-01-24 17:31:36','1'),
(1174,'Z24','非洲各国百科全书',1155,1,'','',1,'2022-01-24 17:30:17','1','2022-01-24 17:31:36','1'),
(1175,'Z25','欧洲各国百科全书',1155,1,'','',1,'2022-01-24 17:30:17','1','2022-01-24 17:31:36','1'),
(1176,'Z26','大洋洲各国百科全书',1155,1,'','',1,'2022-01-24 17:30:17','1','2022-01-24 17:31:36','1'),
(1177,'Z27','美洲各国百科全书',1155,1,'','',1,'2022-01-24 17:30:17','1','2022-01-24 17:31:36','1'),
(1178,'Z3','辞典',1155,1,'','',1,'2022-01-24 17:30:17','1','2022-01-24 17:31:36','1'),
(1179,'Z32','中国辞典',1155,1,'','',1,'2022-01-24 17:30:17','1','2022-01-24 17:31:36','1'),
(1180,'Z33','亚洲各国辞典',1155,1,'','',1,'2022-01-24 17:30:17','1','2022-01-24 17:31:36','1'),
(1181,'Z34','非洲各国辞典',1155,1,'','',1,'2022-01-24 17:30:17','1','2022-01-24 17:31:36','1'),
(1182,'Z35','欧洲各国辞典',1155,1,'','',1,'2022-01-24 17:30:17','1','2022-01-24 17:31:36','1'),
(1183,'Z36','大洋洲各国辞典',1155,1,'','',1,'2022-01-24 17:30:17','1','2022-01-24 17:31:36','1'),
(1184,'Z37','美洲各国辞典',1155,1,'','',1,'2022-01-24 17:30:17','1','2022-01-24 17:31:36','1'),
(1185,'Z38','专科辞典',1155,1,'','',1,'2022-01-24 17:30:17','1','2022-01-24 17:31:36','1'),
(1186,'Z4','论文集、全集、选集、杂著',1155,1,'','',1,'2022-01-24 17:30:17','1','2022-01-24 17:31:36','1'),
(1187,'Z42','中国论文集、全集、选集、杂著',1155,1,'','',1,'2022-01-24 17:30:17','1','2022-01-24 17:31:36','1'),
(1188,'Z429','杂著',1155,1,'','',1,'2022-01-24 17:30:17','1','2022-01-24 17:31:36','1'),
(1189,'Z43','亚洲各国论文集、全集、选集、杂著',1155,1,'','',1,'2022-01-24 17:30:17','1','2022-01-24 17:31:36','1'),
(1190,'Z44','非洲各国论文集、全集、选集、杂著',1155,1,'','',1,'2022-01-24 17:30:17','1','2022-01-24 17:31:36','1'),
(1191,'Z45','欧洲各国论文集、全集、选集、杂著',1155,1,'','',1,'2022-01-24 17:30:17','1','2022-01-24 17:31:36','1'),
(1192,'Z46','大洋洲各国论文集、全集、选集、杂著',1155,1,'','',1,'2022-01-24 17:30:17','1','2022-01-24 17:31:36','1'),
(1193,'Z47','美洲各国论文集、全集、选集、杂著',1155,1,'','',1,'2022-01-24 17:30:17','1','2022-01-24 17:31:36','1'),
(1194,'Z5','年鉴、年刊',1155,1,'','',1,'2022-01-24 17:30:17','1','2022-01-24 17:31:36','1'),
(1195,'Z52','中国年鉴、年刊',1155,1,'','',1,'2022-01-24 17:30:17','1','2022-01-24 17:31:36','1'),
(1196,'Z53','亚洲各国年鉴、年刊',1155,1,'','',1,'2022-01-24 17:30:17','1','2022-01-24 17:31:36','1'),
(1197,'Z54','非洲各国年鉴、年刊',1155,1,'','',1,'2022-01-24 17:30:17','1','2022-01-24 17:31:36','1'),
(1198,'Z55','欧洲各国年鉴、年刊',1155,1,'','',1,'2022-01-24 17:30:17','1','2022-01-24 17:31:36','1'),
(1199,'Z56','大洋洲各国年鉴、年刊',1155,1,'','',1,'2022-01-24 17:30:17','1','2022-01-24 17:31:36','1'),
(1200,'Z57','美洲各国年鉴、年刊',1155,1,'','',1,'2022-01-24 17:30:17','1','2022-01-24 17:31:36','1'),
(1201,'Z58','专科年鉴、年刊',1155,1,'','',1,'2022-01-24 17:30:17','1','2022-01-24 17:31:36','1'),
(1202,'Z6','期刊、连续性出版物',1155,1,'','',1,'2022-01-24 17:30:17','1','2022-01-24 17:31:36','1'),
(1203,'Z62','中国期刊、连续性出版物',1155,1,'','',1,'2022-01-24 17:30:17','1','2022-01-24 17:31:36','1'),
(1204,'Z63','亚洲各国期刊、连续性出版物',1155,1,'','',1,'2022-01-24 17:30:17','1','2022-01-24 17:31:36','1'),
(1205,'Z64','非洲各国期刊、连续性出版物',1155,1,'','',1,'2022-01-24 17:30:17','1','2022-01-24 17:31:36','1'),
(1206,'Z65','欧洲各国期刊、连续性出版物',1155,1,'','',1,'2022-01-24 17:30:17','1','2022-01-24 17:31:36','1'),
(1207,'Z66','大洋洲各国期刊、连续性出版物',1155,1,'','',1,'2022-01-24 17:30:17','1','2022-01-24 17:31:36','1'),
(1208,'Z67','美洲各国期刊、连续性出版物',1155,1,'','',1,'2022-01-24 17:30:17','1','2022-01-24 17:31:36','1'),
(1209,'Z68','专科期刊、连续出版物',1155,1,'','',1,'2022-01-24 17:30:17','1','2022-01-24 17:31:36','1'),
(1210,'Z8','图书目录、文摘索引',1155,1,'','',1,'2022-01-24 17:30:17','1','2022-01-24 17:31:36','1'),
(1211,'Z81','国家总目录',1155,1,'','',1,'2022-01-24 17:30:17','1','2022-01-24 17:31:36','1'),
(1212,'Z812','中国总目录',1155,1,'','',1,'2022-01-24 17:30:17','1','2022-01-24 17:31:36','1'),
(1213,'Z813','亚洲总目录',1155,1,'','',1,'2022-01-24 17:30:17','1','2022-01-24 17:31:36','1'),
(1214,'Z814','非洲各国总目录',1155,1,'','',1,'2022-01-24 17:30:17','1','2022-01-24 17:31:36','1'),
(1215,'Z815','欧洲各国总目录',1155,1,'','',1,'2022-01-24 17:30:17','1','2022-01-24 17:31:36','1'),
(1216,'Z816','大洋洲各国总a目录',1155,1,'','',1,'2022-01-24 17:30:17','1','2022-01-24 17:31:36','1'),
(1217,'Z817','美洲各国总目录',1155,1,'','',1,'2022-01-24 17:30:17','1','2022-01-24 17:31:36','1'),
(1218,'Z82','图书馆藏书目录',1155,1,'','',1,'2022-01-24 17:30:17','1','2022-01-24 17:31:36','1'),
(1219,'Z83','各类型目录',1155,1,'','',1,'2022-01-24 17:30:17','1','2022-01-24 17:31:36','1'),
(1220,'Z84','私家藏书目录',1155,1,'','',1,'2022-01-24 17:30:17','1','2022-01-24 17:31:36','1'),
(1221,'Z85','出版发行目录',1155,1,'','',1,'2022-01-24 17:30:17','1','2022-01-24 17:31:36','1'),
(1222,'Z86','个人著作目录',1155,1,'','',1,'2022-01-24 17:30:17','1','2022-01-24 17:31:36','1'),
(1223,'Z87','期刊目录、报纸目录',1155,1,'','',1,'2022-01-24 17:30:17','1','2022-01-24 17:31:36','1'),
(1224,'Z88','专科目录',1155,1,'','',1,'2022-01-24 17:30:17','1','2022-01-24 17:31:36','1'),
(1225,'Z89','文摘、索引',1155,1,'','',1,'2022-01-24 17:30:17','1','2022-01-24 17:31:36','1'),
(1226,'#A','数值资料',-2,0,'数值资料','又称计量资料、定量资料；一般有度量衡单位；根据其取值是否连续分为连续型和离散型资料两类，前者可在实数范围内任意取值，如身高等；后者只取整数值，如某医院每年的死亡人数。',1,'2022-01-24 17:30:17','1','2022-01-24 17:31:36','1'),
(1227,'#B','等级资料',-2,0,'等级资料','又称半定量资料或有序分类资料。',1,'2022-01-24 17:30:17','1','2022-01-24 17:31:36','1'),
(1228,'#C','分类资料',-2,0,'分类资料','又称计数资料、定性资料或无序分类变量资料，亦称名义变量资料。其变量值是定性的，表现为互不相容的属性或类别，如实验结果的阳性阴性等。',1,'2022-01-24 17:30:17','1','2022-01-24 17:31:36','1');

/*Table structure for table `base_db_map` */

DROP TABLE IF EXISTS `base_db_map`;

CREATE TABLE `base_db_map` (
  `id` bigint(20) NOT NULL AUTO_INCREMENT COMMENT '表映射信息表',
  `name` varchar(30) DEFAULT '' COMMENT '表名',
  `code` varchar(5) DEFAULT '' COMMENT '表代码',
  `mark` varchar(50) DEFAULT '' COMMENT '表说明',
  `create_time` datetime DEFAULT CURRENT_TIMESTAMP COMMENT '创建时间',
  `create_person` bigint(20) DEFAULT '-1' COMMENT '创建人',
  `update_time` datetime DEFAULT NULL ON UPDATE CURRENT_TIMESTAMP COMMENT '更新时间',
  `update_person` bigint(20) DEFAULT '-1' COMMENT '更新人',
  PRIMARY KEY (`id`)
) ENGINE=InnoDB AUTO_INCREMENT=24 DEFAULT CHARSET=utf8mb4;

/*Data for the table `base_db_map` */

insert  into `base_db_map`(`id`,`name`,`code`,`mark`,`create_time`,`create_person`,`update_time`,`update_person`) values 
(1,'base_book_class_cn','B1','中国标准图书分类规则','2022-01-13 14:53:50',1,'2022-01-25 09:40:59',1),
(2,'base_db_map','B2','表信息映射信息表','2022-01-13 14:55:08',1,'2022-01-25 09:40:59',1),
(3,'base_file','B3','附件与其他表的信息对应表','2022-01-13 14:55:28',1,'2022-01-25 09:40:59',1),
(4,'library_mechanism','L1','出版社信息','2022-01-13 14:56:57',1,'2022-01-25 09:40:59',1),
(5,'library_press','L2','图书管理机构信息','2022-01-13 14:57:22',1,'2022-01-25 09:40:59',1),
(6,'sys_config','S1','系统配置表','2022-01-13 14:57:31',1,'2022-01-25 09:40:59',1),
(7,'sys_dept','S2','部门信息','2022-01-13 14:58:50',1,'2022-01-25 09:40:59',1),
(8,'sys_dict_data','S3','字典信息','2022-01-13 14:59:05',1,'2022-01-25 09:40:59',1),
(9,'sys_dict_type','S4','字典类型信息表','2022-01-13 14:59:08',1,'2022-01-25 09:40:59',1),
(10,'sys_job','S5','定时任务信息','2022-01-13 14:59:35',1,'2022-01-25 09:40:59',1),
(11,'sys_job_log','S6','定时任务执行日志','2022-01-13 14:59:47',1,'2022-01-25 09:40:59',1),
(12,'sys_logininfor','S7','登录日志信息表','2022-01-13 15:00:02',1,'2022-01-25 09:40:59',1),
(13,'sys_menu','S8','系统菜单表','2022-01-13 15:00:11',1,'2022-01-25 09:40:59',1),
(14,'sys_notice','S8','通知信息表','2022-01-13 15:00:23',1,'2022-01-25 09:40:59',1),
(15,'sys_oper_log','S9','操作日志表','2022-01-13 15:02:48',1,'2022-01-25 09:40:59',1),
(16,'sys_post','S10','人员身份职位信息表','2022-01-13 15:03:00',1,'2022-01-25 09:40:59',1),
(17,'sys_role','S11','系统人员权限等级信息表','2022-01-13 15:03:16',1,'2022-01-25 09:40:59',1),
(18,'sys_role_dept','S12','部门与访问权限信息表','2022-01-13 15:03:33',1,'2022-01-25 09:40:59',1),
(19,'sys_role_menu','S13','权限与菜单信息表','2022-01-13 15:03:35',1,'2022-01-25 09:40:59',1),
(20,'sys_user','S14','系统用户信息表','2022-01-13 15:03:59',1,'2022-01-25 09:40:59',1),
(21,'sys_user_post','S15','用户对应职位信息表','2022-01-13 15:04:10',1,'2022-01-25 09:40:59',1),
(22,'sys_user_role','S16','用户对应权限信息表','2022-01-13 15:04:16',1,'2022-01-25 09:40:59',1),
(23,'sys_file','S17','文件信息表','2022-01-17 14:06:01',1,'2022-01-25 09:40:59',1);

/*Table structure for table `base_file` */

DROP TABLE IF EXISTS `base_file`;

CREATE TABLE `base_file` (
  `file_id` bigint(20) NOT NULL AUTO_INCREMENT,
  `model_id` bigint(20) DEFAULT '0' COMMENT '附件模块id',
  `db_id` varchar(5) DEFAULT '' COMMENT '附件所属表的表代码',
  `url` varchar(255) DEFAULT '' COMMENT '附件路径',
  `mark` varchar(255) DEFAULT '' COMMENT '附件说明',
  `status` int(11) DEFAULT '1' COMMENT '状态，默认1，删除用0表示',
  `create_time` datetime DEFAULT CURRENT_TIMESTAMP COMMENT '创建时间',
  `create_person` bigint(20) DEFAULT '-1' COMMENT '创建人id',
  `update_person` bigint(20) DEFAULT '-1' COMMENT '更新人id',
  `update_time` datetime DEFAULT NULL ON UPDATE CURRENT_TIMESTAMP COMMENT '更新时间',
  PRIMARY KEY (`file_id`)
) ENGINE=InnoDB AUTO_INCREMENT=3 DEFAULT CHARSET=utf8mb4 COMMENT='附件实体对应信息表';

/*Data for the table `base_file` */

insert  into `base_file`(`file_id`,`model_id`,`db_id`,`url`,`mark`,`status`,`create_time`,`create_person`,`update_person`,`update_time`) values 
(1,1,'5','#','图书馆',1,'2022-01-13 15:29:14',1,0,NULL),
(2,1,'5','#','图书馆',1,'2022-01-13 15:30:03',1,0,NULL);

/*Table structure for table `base_file_token` */

DROP TABLE IF EXISTS `base_file_token`;

CREATE TABLE `base_file_token` (
  `id` bigint(20) NOT NULL AUTO_INCREMENT COMMENT 'id',
  `account` varchar(20) DEFAULT '' COMMENT '服务账号',
  `key` varchar(20) DEFAULT '' COMMENT '服务秘钥',
  `mark` varchar(50) DEFAULT '' COMMENT '备注',
  `useful_life` datetime DEFAULT NULL COMMENT '有效期至',
  `create_time` datetime DEFAULT CURRENT_TIMESTAMP COMMENT '创建日期',
  `create_peraon` bigint(20) DEFAULT '-1' COMMENT '创建人',
  `status` int(11) DEFAULT '1' COMMENT '状态，默认，表示失效',
  PRIMARY KEY (`id`)
) ENGINE=InnoDB DEFAULT CHARSET=utf8mb4;

/*Data for the table `base_file_token` */

/*Table structure for table `base_purchase_link` */

DROP TABLE IF EXISTS `base_purchase_link`;

CREATE TABLE `base_purchase_link` (
  `id` bigint(20) NOT NULL AUTO_INCREMENT COMMENT '记录ID',
  `approve_id` bigint(20) DEFAULT '-1' COMMENT '采购申请ID',
  `handle_personal` bigint(20) DEFAULT '-1' COMMENT '结点处理人ID',
  `handle_result` char(1) DEFAULT '0' COMMENT '结点处理结果，默认0（待办，暂未处理），1（通过），（-1）拒绝',
  `mark` varchar(255) DEFAULT '' COMMENT '备注',
  `status` int(11) DEFAULT '1' COMMENT '记录状态，默认1（存在），0（删除）',
  `create_personal` bigint(20) DEFAULT '-1' COMMENT '创建人',
  `create_time` datetime DEFAULT CURRENT_TIMESTAMP COMMENT '创建时间',
  `update_personal` bigint(20) DEFAULT '-1' COMMENT '更新人',
  `update_time` datetime DEFAULT NULL COMMENT '更新时间',
  PRIMARY KEY (`id`)
) ENGINE=InnoDB DEFAULT CHARSET=utf8mb4 COMMENT='采购申请结点处理';

/*Data for the table `base_purchase_link` */

/*Table structure for table `base_purchase_requisition` */

DROP TABLE IF EXISTS `base_purchase_requisition`;

CREATE TABLE `base_purchase_requisition` (
  `id` bigint(20) NOT NULL AUTO_INCREMENT COMMENT '记录id',
  `title` varchar(50) DEFAULT '' COMMENT '采购申请标题文字',
  `entity_name` varchar(80) DEFAULT '' COMMENT '采购物品名称',
  `number` int(11) DEFAULT '1' COMMENT '采购数量',
  `entity_util` bigint(20) DEFAULT '-1' COMMENT '采购物品计量单位',
  `approve_personal` bigint(20) DEFAULT '-1' COMMENT '采购申请人id',
  `approve_dept` bigint(20) DEFAULT '-1' COMMENT '采购申请部门',
  `purchase_template` bigint(20) DEFAULT '-1' COMMENT '采购流程模板id',
  `purchase_status` char(1) DEFAULT '0' COMMENT '采购链状态，默认零（申请发起），处理中（一），处理完成（2），被取消（-1）',
  `mark` varchar(255) DEFAULT '' COMMENT '采购说明',
  `status` int(11) DEFAULT '1' COMMENT '记录状态（默认1表示已存在，被删除0）',
  `create_personal` bigint(20) DEFAULT '-1' COMMENT '创建人ID',
  `create_time` datetime DEFAULT CURRENT_TIMESTAMP COMMENT '创建时间',
  `update_personal` bigint(20) DEFAULT '-1' COMMENT '更新人id',
  `update_time` datetime DEFAULT NULL ON UPDATE CURRENT_TIMESTAMP COMMENT '更新时间',
  PRIMARY KEY (`id`)
) ENGINE=InnoDB DEFAULT CHARSET=utf8mb4 COMMENT='采购申请信息';

/*Data for the table `base_purchase_requisition` */

/*Table structure for table `base_purchase_template` */

DROP TABLE IF EXISTS `base_purchase_template`;

CREATE TABLE `base_purchase_template` (
  `id` bigint(20) NOT NULL AUTO_INCREMENT COMMENT '模板ID',
  `code` varchar(30) DEFAULT '' COMMENT '模板编码',
  `title` varchar(50) DEFAULT '' COMMENT '模板标题',
  `template` json DEFAULT NULL COMMENT '模板，json串形式',
  `mark` varchar(100) DEFAULT '' COMMENT '备注',
  `status` int(11) DEFAULT '1' COMMENT '模板状态，默认1存在，0表示不存在',
  `create_personal` bigint(20) DEFAULT '-1' COMMENT '创建人',
  `create_time` datetime DEFAULT CURRENT_TIMESTAMP COMMENT '创建时间',
  `update_personal` bigint(20) DEFAULT '-1' COMMENT '更新人',
  `update_time` datetime DEFAULT NULL ON UPDATE CURRENT_TIMESTAMP COMMENT '更新时间',
  PRIMARY KEY (`id`)
) ENGINE=InnoDB DEFAULT CHARSET=utf8mb4 COMMENT='审批流程模板';

/*Data for the table `base_purchase_template` */

/*Table structure for table `base_unit_conversion` */

DROP TABLE IF EXISTS `base_unit_conversion`;

CREATE TABLE `base_unit_conversion` (
  `id` bigint(20) NOT NULL AUTO_INCREMENT,
  `code` varchar(10) DEFAULT '' COMMENT '编号，换算码',
  `unit_name` varchar(30) DEFAULT '' COMMENT '换算单位',
  `after_unit_name` varchar(30) DEFAULT '' COMMENT '换算后的单位',
  `unit_value` int(11) DEFAULT '1' COMMENT '换算值',
  `mark` varchar(100) DEFAULT '' COMMENT '备注',
  `status` int(11) DEFAULT '1' COMMENT '状态，存在一表示，不存在零表示。默认一',
  `create_personal` bigint(20) DEFAULT '-1' COMMENT '创建人',
  `create_time` datetime DEFAULT CURRENT_TIMESTAMP COMMENT '创建时间',
  `update_personal` bigint(20) DEFAULT '-1' COMMENT '删除人',
  `update_time` datetime DEFAULT NULL ON UPDATE CURRENT_TIMESTAMP COMMENT '删除时间',
  PRIMARY KEY (`id`)
) ENGINE=InnoDB DEFAULT CHARSET=utf8mb4 COMMENT='单位换算信息';

/*Data for the table `base_unit_conversion` */

/*Table structure for table `base_util` */

DROP TABLE IF EXISTS `base_util`;

CREATE TABLE `base_util` (
  `id` bigint(20) NOT NULL AUTO_INCREMENT COMMENT '物品单位id',
  `code` varchar(30) DEFAULT '' COMMENT '物品单位编码',
  `name` varchar(30) DEFAULT '' COMMENT '物品单位名称',
  `mark` varchar(100) DEFAULT '' COMMENT '备注说明',
  `status` int(11) DEFAULT '1' COMMENT '状态，一存在，零不存在，默认一',
  `create_time` datetime DEFAULT CURRENT_TIMESTAMP COMMENT '创建时间',
  `create_personal` bigint(20) DEFAULT '-1' COMMENT '创建人',
  `update_time` datetime DEFAULT NULL ON UPDATE CURRENT_TIMESTAMP COMMENT '删除时间',
  `update_personal` bigint(20) DEFAULT '-1' COMMENT '删除人',
  PRIMARY KEY (`id`)
) ENGINE=InnoDB DEFAULT CHARSET=utf8mb4 COMMENT='物品单位信息表';

/*Data for the table `base_util` */

/*Table structure for table `book_stock` */

DROP TABLE IF EXISTS `book_stock`;

CREATE TABLE `book_stock` (
  `id` bigint(20) NOT NULL AUTO_INCREMENT,
  `book_id` bigint(20) DEFAULT '-1' COMMENT '图书ID',
  `mechanism_id` bigint(20) DEFAULT '-1' COMMENT '图书管理机构ID',
  `entity_code` varchar(30) DEFAULT '' COMMENT '库存实体编码',
  `stock_localtion` bigint(20) DEFAULT '-1' COMMENT '库位ID',
  `has_loan` char(1) DEFAULT '0' COMMENT '是否借出，默认未借出零表示，已出库-1表示',
  `status` int(11) DEFAULT '1' COMMENT '状态，默认一存在，零表示失效',
  `create_time` datetime DEFAULT CURRENT_TIMESTAMP COMMENT '创建时间',
  `create_personal` bigint(20) DEFAULT '-1' COMMENT '创建人ID',
  `update_time` datetime DEFAULT NULL ON UPDATE CURRENT_TIMESTAMP COMMENT '更新时间',
  `update_personal` bigint(20) DEFAULT '-1' COMMENT '更新人ID',
  PRIMARY KEY (`id`)
) ENGINE=InnoDB DEFAULT CHARSET=utf8mb4;

/*Data for the table `book_stock` */

/*Table structure for table `book_stock_log` */

DROP TABLE IF EXISTS `book_stock_log`;

CREATE TABLE `book_stock_log` (
  `id` bigint(20) NOT NULL AUTO_INCREMENT,
  `stock_id` bigint(20) NOT NULL DEFAULT '-1' COMMENT '图书库存ID',
  `is_loan` int(11) DEFAULT '1' COMMENT '出或入库，出库-1，入库1',
  `operate_type` varchar(20) DEFAULT '' COMMENT '操作方式（在线、线下、代办等）',
  `create_time` datetime DEFAULT CURRENT_TIMESTAMP COMMENT '创建时间',
  `create_personal` bigint(20) DEFAULT '-1' COMMENT '创建人',
  `other_personal` bigint(20) DEFAULT '-1' COMMENT '代办人、线下工作人员、在线操作人等',
  `update_time` datetime DEFAULT NULL ON UPDATE CURRENT_TIMESTAMP COMMENT '更新时间',
  `update_personal` bigint(20) DEFAULT '-1' COMMENT '更新人',
  PRIMARY KEY (`id`)
) ENGINE=InnoDB DEFAULT CHARSET=utf8mb4;

/*Data for the table `book_stock_log` */

/*Table structure for table `gen_table` */

DROP TABLE IF EXISTS `gen_table`;

CREATE TABLE `gen_table` (
  `table_id` bigint(20) NOT NULL AUTO_INCREMENT COMMENT '编号',
  `table_name` varchar(200) DEFAULT '' COMMENT '表名称',
  `table_comment` varchar(500) DEFAULT '' COMMENT '表描述',
  `sub_table_name` varchar(64) DEFAULT NULL COMMENT '关联子表的表名',
  `sub_table_fk_name` varchar(64) DEFAULT NULL COMMENT '子表关联的外键名',
  `class_name` varchar(100) DEFAULT '' COMMENT '实体类名称',
  `tpl_category` varchar(200) DEFAULT 'crud' COMMENT '使用的模板（crud单表操作 tree树表操作）',
  `package_name` varchar(100) DEFAULT NULL COMMENT '生成包路径',
  `module_name` varchar(30) DEFAULT NULL COMMENT '生成模块名',
  `business_name` varchar(30) DEFAULT NULL COMMENT '生成业务名',
  `function_name` varchar(50) DEFAULT NULL COMMENT '生成功能名',
  `function_author` varchar(50) DEFAULT NULL COMMENT '生成功能作者',
  `gen_type` char(1) DEFAULT '0' COMMENT '生成代码方式（0zip压缩包 1自定义路径）',
  `gen_path` varchar(200) DEFAULT '/' COMMENT '生成路径（不填默认项目路径）',
  `options` varchar(1000) DEFAULT NULL COMMENT '其它生成选项',
  `create_by` varchar(64) DEFAULT '' COMMENT '创建者',
  `create_time` datetime DEFAULT NULL COMMENT '创建时间',
  `update_by` varchar(64) DEFAULT '' COMMENT '更新者',
  `update_time` datetime DEFAULT NULL COMMENT '更新时间',
  `remark` varchar(500) DEFAULT NULL COMMENT '备注',
  PRIMARY KEY (`table_id`)
) ENGINE=InnoDB AUTO_INCREMENT=19 DEFAULT CHARSET=utf8mb4 COMMENT='代码生成业务表';

/*Data for the table `gen_table` */

insert  into `gen_table`(`table_id`,`table_name`,`table_comment`,`sub_table_name`,`sub_table_fk_name`,`class_name`,`tpl_category`,`package_name`,`module_name`,`business_name`,`function_name`,`function_author`,`gen_type`,`gen_path`,`options`,`create_by`,`create_time`,`update_by`,`update_time`,`remark`) values 
(1,'sys_config','参数配置表',NULL,NULL,'SysConfig','crud','com.nhXJH.system','system','config','参数配置','nhXJH','0','/',NULL,'admin','2022-01-07 17:07:16','',NULL,NULL),
(2,'sys_dict_data','字典数据表',NULL,NULL,'SysDictData','crud','com.nhXJH.system','system','data','字典数据','nhXJH','0','/',NULL,'admin','2022-01-07 17:07:16','',NULL,NULL),
(3,'sys_dict_type','字典类型表',NULL,NULL,'SysDictType','crud','com.nhXJH.system','system','type','字典类型','nhXJH','0','/',NULL,'admin','2022-01-07 17:07:16','',NULL,NULL),
(4,'sys_job','定时任务调度表',NULL,NULL,'SysJob','crud','com.nhXJH.system','system','job','定时任务调度','nhXJH','0','/',NULL,'admin','2022-01-07 17:07:16','',NULL,NULL),
(5,'sys_job_log','定时任务调度日志表',NULL,NULL,'SysJobLog','crud','com.nhXJH.system','system','log','定时任务调度日志','nhXJH','0','/',NULL,'admin','2022-01-07 17:07:16','',NULL,NULL),
(6,'sys_logininfor','系统访问记录',NULL,NULL,'SysLogininfor','crud','com.nhXJH.system','system','logininfor','系统访问记录','nhXJH','0','/',NULL,'admin','2022-01-07 17:07:16','',NULL,NULL),
(7,'sys_notice','通知公告表',NULL,NULL,'SysNotice','crud','com.nhXJH.system','system','notice','通知公告','nhXJH','0','/',NULL,'admin','2022-01-07 17:07:16','',NULL,NULL),
(8,'sys_oper_log','操作日志记录',NULL,NULL,'SysOperLog','crud','com.nhXJH.system','system','log','操作日志记录','nhXJH','0','/',NULL,'admin','2022-01-07 17:07:16','',NULL,NULL),
(9,'sys_role_menu','角色和菜单关联表',NULL,NULL,'SysRoleMenu','crud','com.nhXJH.system','system','menu','角色和菜单关联','nhXJH','0','/',NULL,'admin','2022-01-07 17:07:16','',NULL,NULL),
(10,'sys_user_post','用户与岗位关联表',NULL,NULL,'SysUserPost','crud','com.nhXJH.system','system','post','用户与岗位关联','nhXJH','0','/',NULL,'admin','2022-01-07 17:07:16','',NULL,NULL),
(11,'base_book_class_cn','中国标准图书分类规则表',NULL,NULL,'BaseBookClassCn','crud','com.library.main','main','bookClass','中国标准图书分类规则','xjh','0','/','{}','admin','2022-01-07 17:08:52','','2022-01-07 17:19:54',NULL),
(12,'sys_dept','部门表',NULL,NULL,'SysDept','crud','com.nhXJH.system','system','dept','部门','nhXJH','0','/',NULL,'admin','2022-01-07 17:08:52','',NULL,NULL),
(13,'sys_menu','菜单权限表',NULL,NULL,'SysMenu','crud','com.nhXJH.system','system','menu','菜单权限','nhXJH','0','/',NULL,'admin','2022-01-07 17:08:52','',NULL,NULL),
(14,'sys_post','岗位信息表',NULL,NULL,'SysPost','crud','com.nhXJH.system','system','post','岗位信息','nhXJH','0','/',NULL,'admin','2022-01-07 17:08:52','',NULL,NULL),
(15,'sys_role','角色信息表',NULL,NULL,'SysRole','crud','com.nhXJH.system','system','role','角色信息','nhXJH','0','/',NULL,'admin','2022-01-07 17:08:52','',NULL,NULL),
(16,'sys_role_dept','角色和部门关联表',NULL,NULL,'SysRoleDept','crud','com.nhXJH.system','system','dept','角色和部门关联','nhXJH','0','/',NULL,'admin','2022-01-07 17:08:52','',NULL,NULL),
(17,'sys_user','用户信息表',NULL,NULL,'SysUser','crud','com.nhXJH.system','system','user','用户信息','nhXJH','0','/',NULL,'admin','2022-01-07 17:08:52','',NULL,NULL),
(18,'sys_user_role','用户和角色关联表',NULL,NULL,'SysUserRole','crud','com.nhXJH.system','system','role','用户和角色关联','nhXJH','0','/',NULL,'admin','2022-01-07 17:08:52','',NULL,NULL);

/*Table structure for table `gen_table_column` */

DROP TABLE IF EXISTS `gen_table_column`;

CREATE TABLE `gen_table_column` (
  `column_id` bigint(20) NOT NULL AUTO_INCREMENT COMMENT '编号',
  `table_id` varchar(64) DEFAULT NULL COMMENT '归属表编号',
  `column_name` varchar(200) DEFAULT NULL COMMENT '列名称',
  `column_comment` varchar(500) DEFAULT NULL COMMENT '列描述',
  `column_type` varchar(100) DEFAULT NULL COMMENT '列类型',
  `java_type` varchar(500) DEFAULT NULL COMMENT 'JAVA类型',
  `java_field` varchar(200) DEFAULT NULL COMMENT 'JAVA字段名',
  `is_pk` char(1) DEFAULT NULL COMMENT '是否主键（1是）',
  `is_increment` char(1) DEFAULT NULL COMMENT '是否自增（1是）',
  `is_required` char(1) DEFAULT NULL COMMENT '是否必填（1是）',
  `is_insert` char(1) DEFAULT NULL COMMENT '是否为插入字段（1是）',
  `is_edit` char(1) DEFAULT NULL COMMENT '是否编辑字段（1是）',
  `is_list` char(1) DEFAULT NULL COMMENT '是否列表字段（1是）',
  `is_query` char(1) DEFAULT NULL COMMENT '是否查询字段（1是）',
  `query_type` varchar(200) DEFAULT 'EQ' COMMENT '查询方式（等于、不等于、大于、小于、范围）',
  `html_type` varchar(200) DEFAULT NULL COMMENT '显示类型（文本框、文本域、下拉框、复选框、单选框、日期控件）',
  `dict_type` varchar(200) DEFAULT '' COMMENT '字典类型',
  `sort` int(11) DEFAULT NULL COMMENT '排序',
  `create_by` varchar(64) DEFAULT '' COMMENT '创建者',
  `create_time` datetime DEFAULT NULL COMMENT '创建时间',
  `update_by` varchar(64) DEFAULT '' COMMENT '更新者',
  `update_time` datetime DEFAULT NULL COMMENT '更新时间',
  PRIMARY KEY (`column_id`)
) ENGINE=InnoDB AUTO_INCREMENT=186 DEFAULT CHARSET=utf8mb4 COMMENT='代码生成业务表字段';

/*Data for the table `gen_table_column` */

insert  into `gen_table_column`(`column_id`,`table_id`,`column_name`,`column_comment`,`column_type`,`java_type`,`java_field`,`is_pk`,`is_increment`,`is_required`,`is_insert`,`is_edit`,`is_list`,`is_query`,`query_type`,`html_type`,`dict_type`,`sort`,`create_by`,`create_time`,`update_by`,`update_time`) values 
(1,'1','config_id','参数主键','int(5)','Integer','configId','1','1',NULL,'1',NULL,NULL,NULL,'EQ','input','',1,'admin','2022-01-07 17:07:16','',NULL),
(2,'1','config_name','参数名称','varchar(100)','String','configName','0','0',NULL,'1','1','1','1','LIKE','input','',2,'admin','2022-01-07 17:07:16','',NULL),
(3,'1','config_key','参数键名','varchar(100)','String','configKey','0','0',NULL,'1','1','1','1','EQ','input','',3,'admin','2022-01-07 17:07:16','',NULL),
(4,'1','config_value','参数键值','varchar(500)','String','configValue','0','0',NULL,'1','1','1','1','EQ','textarea','',4,'admin','2022-01-07 17:07:16','',NULL),
(5,'1','config_type','系统内置（Y是 N否）','char(1)','String','configType','0','0',NULL,'1','1','1','1','EQ','select','',5,'admin','2022-01-07 17:07:16','',NULL),
(6,'1','create_by','创建者','varchar(64)','String','createBy','0','0',NULL,'1',NULL,NULL,NULL,'EQ','input','',6,'admin','2022-01-07 17:07:16','',NULL),
(7,'1','create_time','创建时间','datetime','Date','createTime','0','0',NULL,'1',NULL,NULL,NULL,'EQ','datetime','',7,'admin','2022-01-07 17:07:16','',NULL),
(8,'1','update_by','更新者','varchar(64)','String','updateBy','0','0',NULL,'1','1',NULL,NULL,'EQ','input','',8,'admin','2022-01-07 17:07:16','',NULL),
(9,'1','update_time','更新时间','datetime','Date','updateTime','0','0',NULL,'1','1',NULL,NULL,'EQ','datetime','',9,'admin','2022-01-07 17:07:16','',NULL),
(10,'1','remark','备注','varchar(500)','String','remark','0','0',NULL,'1','1','1',NULL,'EQ','textarea','',10,'admin','2022-01-07 17:07:16','',NULL),
(11,'2','dict_code','字典编码','bigint(20)','Long','dictCode','1','1',NULL,'1',NULL,NULL,NULL,'EQ','input','',1,'admin','2022-01-07 17:07:16','',NULL),
(12,'2','dict_sort','字典排序','int(4)','Integer','dictSort','0','0',NULL,'1','1','1','1','EQ','input','',2,'admin','2022-01-07 17:07:16','',NULL),
(13,'2','dict_label','字典标签','varchar(100)','String','dictLabel','0','0',NULL,'1','1','1','1','EQ','input','',3,'admin','2022-01-07 17:07:16','',NULL),
(14,'2','dict_value','字典键值','varchar(100)','String','dictValue','0','0',NULL,'1','1','1','1','EQ','input','',4,'admin','2022-01-07 17:07:16','',NULL),
(15,'2','dict_type','字典类型','varchar(100)','String','dictType','0','0',NULL,'1','1','1','1','EQ','select','',5,'admin','2022-01-07 17:07:16','',NULL),
(16,'2','css_class','样式属性（其他样式扩展）','varchar(100)','String','cssClass','0','0',NULL,'1','1','1','1','EQ','input','',6,'admin','2022-01-07 17:07:16','',NULL),
(17,'2','list_class','表格回显样式','varchar(100)','String','listClass','0','0',NULL,'1','1','1','1','EQ','input','',7,'admin','2022-01-07 17:07:16','',NULL),
(18,'2','is_default','是否默认（Y是 N否）','char(1)','String','isDefault','0','0',NULL,'1','1','1','1','EQ','input','',8,'admin','2022-01-07 17:07:16','',NULL),
(19,'2','status','状态（0正常 1停用）','char(1)','String','status','0','0',NULL,'1','1','1','1','EQ','radio','',9,'admin','2022-01-07 17:07:16','',NULL),
(20,'2','create_by','创建者','varchar(64)','String','createBy','0','0',NULL,'1',NULL,NULL,NULL,'EQ','input','',10,'admin','2022-01-07 17:07:16','',NULL),
(21,'2','create_time','创建时间','datetime','Date','createTime','0','0',NULL,'1',NULL,NULL,NULL,'EQ','datetime','',11,'admin','2022-01-07 17:07:16','',NULL),
(22,'2','update_by','更新者','varchar(64)','String','updateBy','0','0',NULL,'1','1',NULL,NULL,'EQ','input','',12,'admin','2022-01-07 17:07:16','',NULL),
(23,'2','update_time','更新时间','datetime','Date','updateTime','0','0',NULL,'1','1',NULL,NULL,'EQ','datetime','',13,'admin','2022-01-07 17:07:16','',NULL),
(24,'2','remark','备注','varchar(500)','String','remark','0','0',NULL,'1','1','1',NULL,'EQ','textarea','',14,'admin','2022-01-07 17:07:16','',NULL),
(25,'3','dict_id','字典主键','bigint(20)','Long','dictId','1','1',NULL,'1',NULL,NULL,NULL,'EQ','input','',1,'admin','2022-01-07 17:07:16','',NULL),
(26,'3','dict_name','字典名称','varchar(100)','String','dictName','0','0',NULL,'1','1','1','1','LIKE','input','',2,'admin','2022-01-07 17:07:16','',NULL),
(27,'3','dict_type','字典类型','varchar(100)','String','dictType','0','0',NULL,'1','1','1','1','EQ','select','',3,'admin','2022-01-07 17:07:16','',NULL),
(28,'3','status','状态（0正常 1停用）','char(1)','String','status','0','0',NULL,'1','1','1','1','EQ','radio','',4,'admin','2022-01-07 17:07:16','',NULL),
(29,'3','create_by','创建者','varchar(64)','String','createBy','0','0',NULL,'1',NULL,NULL,NULL,'EQ','input','',5,'admin','2022-01-07 17:07:16','',NULL),
(30,'3','create_time','创建时间','datetime','Date','createTime','0','0',NULL,'1',NULL,NULL,NULL,'EQ','datetime','',6,'admin','2022-01-07 17:07:16','',NULL),
(31,'3','update_by','更新者','varchar(64)','String','updateBy','0','0',NULL,'1','1',NULL,NULL,'EQ','input','',7,'admin','2022-01-07 17:07:16','',NULL),
(32,'3','update_time','更新时间','datetime','Date','updateTime','0','0',NULL,'1','1',NULL,NULL,'EQ','datetime','',8,'admin','2022-01-07 17:07:16','',NULL),
(33,'3','remark','备注','varchar(500)','String','remark','0','0',NULL,'1','1','1',NULL,'EQ','textarea','',9,'admin','2022-01-07 17:07:16','',NULL),
(34,'4','job_id','任务ID','bigint(20)','Long','jobId','1','1',NULL,'1',NULL,NULL,NULL,'EQ','input','',1,'admin','2022-01-07 17:07:16','',NULL),
(35,'4','job_name','任务名称','varchar(64)','String','jobName','1','0',NULL,'1',NULL,NULL,NULL,'LIKE','input','',2,'admin','2022-01-07 17:07:16','',NULL),
(36,'4','job_group','任务组名','varchar(64)','String','jobGroup','1','0',NULL,'1',NULL,NULL,NULL,'EQ','input','',3,'admin','2022-01-07 17:07:16','',NULL),
(37,'4','invoke_target','调用目标字符串','varchar(500)','String','invokeTarget','0','0','1','1','1','1','1','EQ','textarea','',4,'admin','2022-01-07 17:07:16','',NULL),
(38,'4','cron_expression','cron执行表达式','varchar(255)','String','cronExpression','0','0',NULL,'1','1','1','1','EQ','input','',5,'admin','2022-01-07 17:07:16','',NULL),
(39,'4','misfire_policy','计划执行错误策略（1立即执行 2执行一次 3放弃执行）','varchar(20)','String','misfirePolicy','0','0',NULL,'1','1','1','1','EQ','input','',6,'admin','2022-01-07 17:07:16','',NULL),
(40,'4','concurrent','是否并发执行（0允许 1禁止）','char(1)','String','concurrent','0','0',NULL,'1','1','1','1','EQ','input','',7,'admin','2022-01-07 17:07:16','',NULL),
(41,'4','status','状态（0正常 1暂停）','char(1)','String','status','0','0',NULL,'1','1','1','1','EQ','radio','',8,'admin','2022-01-07 17:07:16','',NULL),
(42,'4','create_by','创建者','varchar(64)','String','createBy','0','0',NULL,'1',NULL,NULL,NULL,'EQ','input','',9,'admin','2022-01-07 17:07:16','',NULL),
(43,'4','create_time','创建时间','datetime','Date','createTime','0','0',NULL,'1',NULL,NULL,NULL,'EQ','datetime','',10,'admin','2022-01-07 17:07:16','',NULL),
(44,'4','update_by','更新者','varchar(64)','String','updateBy','0','0',NULL,'1','1',NULL,NULL,'EQ','input','',11,'admin','2022-01-07 17:07:16','',NULL),
(45,'4','update_time','更新时间','datetime','Date','updateTime','0','0',NULL,'1','1',NULL,NULL,'EQ','datetime','',12,'admin','2022-01-07 17:07:16','',NULL),
(46,'4','remark','备注信息','varchar(500)','String','remark','0','0',NULL,'1','1','1',NULL,'EQ','textarea','',13,'admin','2022-01-07 17:07:16','',NULL),
(47,'5','job_log_id','任务日志ID','bigint(20)','Long','jobLogId','1','1',NULL,'1',NULL,NULL,NULL,'EQ','input','',1,'admin','2022-01-07 17:07:16','',NULL),
(48,'5','job_name','任务名称','varchar(64)','String','jobName','0','0','1','1','1','1','1','LIKE','input','',2,'admin','2022-01-07 17:07:16','',NULL),
(49,'5','job_group','任务组名','varchar(64)','String','jobGroup','0','0','1','1','1','1','1','EQ','input','',3,'admin','2022-01-07 17:07:16','',NULL),
(50,'5','invoke_target','调用目标字符串','varchar(500)','String','invokeTarget','0','0','1','1','1','1','1','EQ','textarea','',4,'admin','2022-01-07 17:07:16','',NULL),
(51,'5','job_message','日志信息','varchar(500)','String','jobMessage','0','0',NULL,'1','1','1','1','EQ','textarea','',5,'admin','2022-01-07 17:07:16','',NULL),
(52,'5','status','执行状态（0正常 1失败）','char(1)','String','status','0','0',NULL,'1','1','1','1','EQ','radio','',6,'admin','2022-01-07 17:07:16','',NULL),
(53,'5','exception_info','异常信息','varchar(2000)','String','exceptionInfo','0','0',NULL,'1','1','1','1','EQ','textarea','',7,'admin','2022-01-07 17:07:16','',NULL),
(54,'5','create_time','创建时间','datetime','Date','createTime','0','0',NULL,'1',NULL,NULL,NULL,'EQ','datetime','',8,'admin','2022-01-07 17:07:16','',NULL),
(55,'6','info_id','访问ID','bigint(20)','Long','infoId','1','1',NULL,'1',NULL,NULL,NULL,'EQ','input','',1,'admin','2022-01-07 17:07:16','',NULL),
(56,'6','user_name','用户账号','varchar(50)','String','userName','0','0',NULL,'1','1','1','1','LIKE','input','',2,'admin','2022-01-07 17:07:16','',NULL),
(57,'6','ipaddr','登录IP地址','varchar(128)','String','ipaddr','0','0',NULL,'1','1','1','1','EQ','input','',3,'admin','2022-01-07 17:07:16','',NULL),
(58,'6','login_location','登录地点','varchar(255)','String','loginLocation','0','0',NULL,'1','1','1','1','EQ','input','',4,'admin','2022-01-07 17:07:16','',NULL),
(59,'6','browser','浏览器类型','varchar(50)','String','browser','0','0',NULL,'1','1','1','1','EQ','input','',5,'admin','2022-01-07 17:07:16','',NULL),
(60,'6','os','操作系统','varchar(50)','String','os','0','0',NULL,'1','1','1','1','EQ','input','',6,'admin','2022-01-07 17:07:16','',NULL),
(61,'6','status','登录状态（0成功 1失败）','char(1)','String','status','0','0',NULL,'1','1','1','1','EQ','radio','',7,'admin','2022-01-07 17:07:16','',NULL),
(62,'6','msg','提示消息','varchar(255)','String','msg','0','0',NULL,'1','1','1','1','EQ','input','',8,'admin','2022-01-07 17:07:16','',NULL),
(63,'6','login_time','访问时间','datetime','Date','loginTime','0','0',NULL,'1','1','1','1','EQ','datetime','',9,'admin','2022-01-07 17:07:16','',NULL),
(64,'7','notice_id','公告ID','int(4)','Integer','noticeId','1','1',NULL,'1',NULL,NULL,NULL,'EQ','input','',1,'admin','2022-01-07 17:07:16','',NULL),
(65,'7','notice_title','公告标题','varchar(50)','String','noticeTitle','0','0','1','1','1','1','1','EQ','input','',2,'admin','2022-01-07 17:07:16','',NULL),
(66,'7','notice_type','公告类型（1通知 2公告）','char(1)','String','noticeType','0','0','1','1','1','1','1','EQ','select','',3,'admin','2022-01-07 17:07:16','',NULL),
(67,'7','notice_content','公告内容','longblob','String','noticeContent','0','0',NULL,'1','1','1','1','EQ','editor','',4,'admin','2022-01-07 17:07:16','',NULL),
(68,'7','status','公告状态（0正常 1关闭）','char(1)','String','status','0','0',NULL,'1','1','1','1','EQ','radio','',5,'admin','2022-01-07 17:07:16','',NULL),
(69,'7','create_by','创建者','varchar(64)','String','createBy','0','0',NULL,'1',NULL,NULL,NULL,'EQ','input','',6,'admin','2022-01-07 17:07:16','',NULL),
(70,'7','create_time','创建时间','datetime','Date','createTime','0','0',NULL,'1',NULL,NULL,NULL,'EQ','datetime','',7,'admin','2022-01-07 17:07:16','',NULL),
(71,'7','update_by','更新者','varchar(64)','String','updateBy','0','0',NULL,'1','1',NULL,NULL,'EQ','input','',8,'admin','2022-01-07 17:07:16','',NULL),
(72,'7','update_time','更新时间','datetime','Date','updateTime','0','0',NULL,'1','1',NULL,NULL,'EQ','datetime','',9,'admin','2022-01-07 17:07:16','',NULL),
(73,'7','remark','备注','varchar(255)','String','remark','0','0',NULL,'1','1','1',NULL,'EQ','input','',10,'admin','2022-01-07 17:07:16','',NULL),
(74,'8','oper_id','日志主键','bigint(20)','Long','operId','1','1',NULL,'1',NULL,NULL,NULL,'EQ','input','',1,'admin','2022-01-07 17:07:16','',NULL),
(75,'8','title','模块标题','varchar(50)','String','title','0','0',NULL,'1','1','1','1','EQ','input','',2,'admin','2022-01-07 17:07:16','',NULL),
(76,'8','business_type','业务类型（0其它 1新增 2修改 3删除）','int(2)','Integer','businessType','0','0',NULL,'1','1','1','1','EQ','select','',3,'admin','2022-01-07 17:07:16','',NULL),
(77,'8','method','方法名称','varchar(100)','String','method','0','0',NULL,'1','1','1','1','EQ','input','',4,'admin','2022-01-07 17:07:16','',NULL),
(78,'8','request_method','请求方式','varchar(10)','String','requestMethod','0','0',NULL,'1','1','1','1','EQ','input','',5,'admin','2022-01-07 17:07:16','',NULL),
(79,'8','operator_type','操作类别（0其它 1后台用户 2手机端用户）','int(1)','Integer','operatorType','0','0',NULL,'1','1','1','1','EQ','select','',6,'admin','2022-01-07 17:07:16','',NULL),
(80,'8','oper_name','操作人员','varchar(50)','String','operName','0','0',NULL,'1','1','1','1','LIKE','input','',7,'admin','2022-01-07 17:07:16','',NULL),
(81,'8','dept_name','部门名称','varchar(50)','String','deptName','0','0',NULL,'1','1','1','1','LIKE','input','',8,'admin','2022-01-07 17:07:16','',NULL),
(82,'8','oper_url','请求URL','varchar(255)','String','operUrl','0','0',NULL,'1','1','1','1','EQ','input','',9,'admin','2022-01-07 17:07:16','',NULL),
(83,'8','oper_ip','主机地址','varchar(128)','String','operIp','0','0',NULL,'1','1','1','1','EQ','input','',10,'admin','2022-01-07 17:07:16','',NULL),
(84,'8','oper_location','操作地点','varchar(255)','String','operLocation','0','0',NULL,'1','1','1','1','EQ','input','',11,'admin','2022-01-07 17:07:16','',NULL),
(85,'8','oper_param','请求参数','varchar(2000)','String','operParam','0','0',NULL,'1','1','1','1','EQ','textarea','',12,'admin','2022-01-07 17:07:16','',NULL),
(86,'8','json_result','返回参数','varchar(2000)','String','jsonResult','0','0',NULL,'1','1','1','1','EQ','textarea','',13,'admin','2022-01-07 17:07:16','',NULL),
(87,'8','status','操作状态（0正常 1异常）','int(1)','Integer','status','0','0',NULL,'1','1','1','1','EQ','radio','',14,'admin','2022-01-07 17:07:16','',NULL),
(88,'8','error_msg','错误消息','varchar(2000)','String','errorMsg','0','0',NULL,'1','1','1','1','EQ','textarea','',15,'admin','2022-01-07 17:07:16','',NULL),
(89,'8','oper_time','操作时间','datetime','Date','operTime','0','0',NULL,'1','1','1','1','EQ','datetime','',16,'admin','2022-01-07 17:07:16','',NULL),
(90,'9','role_id','角色ID','bigint(20)','Long','roleId','1','0',NULL,'1',NULL,NULL,NULL,'EQ','input','',1,'admin','2022-01-07 17:07:16','',NULL),
(91,'9','menu_id','菜单ID','bigint(20)','Long','menuId','1','0',NULL,'1',NULL,NULL,NULL,'EQ','input','',2,'admin','2022-01-07 17:07:16','',NULL),
(92,'10','user_id','用户ID','bigint(20)','Long','userId','1','0',NULL,'1',NULL,NULL,NULL,'EQ','input','',1,'admin','2022-01-07 17:07:16','',NULL),
(93,'10','post_id','岗位ID','bigint(20)','Long','postId','1','0',NULL,'1',NULL,NULL,NULL,'EQ','input','',2,'admin','2022-01-07 17:07:16','',NULL),
(94,'11','id','图书类别编号ID','bigint(20)','Long','id','1','1',NULL,'1',NULL,NULL,NULL,'EQ','input','',1,'admin','2022-01-07 17:08:52','','2022-01-07 17:19:54'),
(95,'11','code','图书类别编号','varchar(10)','String','code','0','0',NULL,'1','1','1','1','EQ','input','',2,'admin','2022-01-07 17:08:52','','2022-01-07 17:19:54'),
(96,'11','name','图书类别名称','varchar(50)','String','name','0','0',NULL,'1','1','1','1','LIKE','input','',3,'admin','2022-01-07 17:08:52','','2022-01-07 17:19:54'),
(97,'11','class','图书类别级别','tinyint(1)','Integer','class','0','0',NULL,'1','1','1','1','EQ','input','',4,'admin','2022-01-07 17:08:52','','2022-01-07 17:19:54'),
(98,'11','ali_name','图书类别别名','varchar(50)','String','aliName','0','0',NULL,'1','1','1','1','LIKE','input','',5,'admin','2022-01-07 17:08:52','','2022-01-07 17:19:54'),
(99,'11','status','状态是否禁用（默认1，禁用0）','tinyint(1)','Integer','status','0','0',NULL,'1','1','1','1','EQ','radio','',6,'admin','2022-01-07 17:08:52','','2022-01-07 17:19:54'),
(100,'11','create_time','创建时间','datetime','Date','createTime','0','0',NULL,'1',NULL,NULL,NULL,'EQ','datetime','',7,'admin','2022-01-07 17:08:52','','2022-01-07 17:19:54'),
(101,'11','create_personal','创建人id','varchar(20)','String','createPersonal','0','0',NULL,'1','1','1','1','EQ','input','',8,'admin','2022-01-07 17:08:52','','2022-01-07 17:19:54'),
(102,'11','update_time','更新时间','datetime','Date','updateTime','0','0',NULL,'1','1',NULL,NULL,'EQ','datetime','',9,'admin','2022-01-07 17:08:52','','2022-01-07 17:19:54'),
(103,'11','update_personal','更新人id','varchar(20)','String','updatePersonal','0','0',NULL,'1','1','1','1','EQ','input','',10,'admin','2022-01-07 17:08:52','','2022-01-07 17:19:54'),
(104,'11','del_time','删除时间','datetime','Date','delTime','0','0',NULL,'1','1','1','1','EQ','datetime','',11,'admin','2022-01-07 17:08:52','','2022-01-07 17:19:54'),
(105,'11','del_personal','删除人ID','varchar(20)','String','delPersonal','0','0',NULL,'1','1','1','1','EQ','input','',12,'admin','2022-01-07 17:08:52','','2022-01-07 17:19:54'),
(106,'12','dept_id','部门id','bigint(20)','Long','deptId','1','1',NULL,'1',NULL,NULL,NULL,'EQ','input','',1,'admin','2022-01-07 17:08:52','',NULL),
(107,'12','parent_id','父部门id','bigint(20)','Long','parentId','0','0',NULL,'1','1','1','1','EQ','input','',2,'admin','2022-01-07 17:08:52','',NULL),
(108,'12','ancestors','祖级列表','varchar(50)','String','ancestors','0','0',NULL,'1','1','1','1','EQ','input','',3,'admin','2022-01-07 17:08:52','',NULL),
(109,'12','dept_name','部门名称','varchar(30)','String','deptName','0','0',NULL,'1','1','1','1','LIKE','input','',4,'admin','2022-01-07 17:08:52','',NULL),
(110,'12','order_num','显示顺序','int(4)','Integer','orderNum','0','0',NULL,'1','1','1','1','EQ','input','',5,'admin','2022-01-07 17:08:52','',NULL),
(111,'12','leader','负责人','varchar(20)','String','leader','0','0',NULL,'1','1','1','1','EQ','input','',6,'admin','2022-01-07 17:08:52','',NULL),
(112,'12','phone','联系电话','varchar(11)','String','phone','0','0',NULL,'1','1','1','1','EQ','input','',7,'admin','2022-01-07 17:08:52','',NULL),
(113,'12','email','邮箱','varchar(50)','String','email','0','0',NULL,'1','1','1','1','EQ','input','',8,'admin','2022-01-07 17:08:52','',NULL),
(114,'12','status','部门状态（0正常 1停用）','char(1)','String','status','0','0',NULL,'1','1','1','1','EQ','radio','',9,'admin','2022-01-07 17:08:52','',NULL),
(115,'12','del_flag','删除标志（0代表存在 2代表删除）','char(1)','String','delFlag','0','0',NULL,'1',NULL,NULL,NULL,'EQ','input','',10,'admin','2022-01-07 17:08:52','',NULL),
(116,'12','create_by','创建者','varchar(64)','String','createBy','0','0',NULL,'1',NULL,NULL,NULL,'EQ','input','',11,'admin','2022-01-07 17:08:52','',NULL),
(117,'12','create_time','创建时间','datetime','Date','createTime','0','0',NULL,'1',NULL,NULL,NULL,'EQ','datetime','',12,'admin','2022-01-07 17:08:52','',NULL),
(118,'12','update_by','更新者','varchar(64)','String','updateBy','0','0',NULL,'1','1',NULL,NULL,'EQ','input','',13,'admin','2022-01-07 17:08:52','',NULL),
(119,'12','update_time','更新时间','datetime','Date','updateTime','0','0',NULL,'1','1',NULL,NULL,'EQ','datetime','',14,'admin','2022-01-07 17:08:52','',NULL),
(120,'13','menu_id','菜单ID','bigint(20)','Long','menuId','1','1',NULL,'1',NULL,NULL,NULL,'EQ','input','',1,'admin','2022-01-07 17:08:52','',NULL),
(121,'13','menu_name','菜单名称','varchar(50)','String','menuName','0','0','1','1','1','1','1','LIKE','input','',2,'admin','2022-01-07 17:08:52','',NULL),
(122,'13','parent_id','父菜单ID','bigint(20)','Long','parentId','0','0',NULL,'1','1','1','1','EQ','input','',3,'admin','2022-01-07 17:08:52','',NULL),
(123,'13','order_num','显示顺序','int(4)','Integer','orderNum','0','0',NULL,'1','1','1','1','EQ','input','',4,'admin','2022-01-07 17:08:52','',NULL),
(124,'13','path','路由地址','varchar(200)','String','path','0','0',NULL,'1','1','1','1','EQ','input','',5,'admin','2022-01-07 17:08:52','',NULL),
(125,'13','component','组件路径','varchar(255)','String','component','0','0',NULL,'1','1','1','1','EQ','input','',6,'admin','2022-01-07 17:08:52','',NULL),
(126,'13','query','路由参数','varchar(255)','String','query','0','0',NULL,'1','1','1','1','EQ','input','',7,'admin','2022-01-07 17:08:52','',NULL),
(127,'13','is_frame','是否为外链（0是 1否）','int(1)','Integer','isFrame','0','0',NULL,'1','1','1','1','EQ','input','',8,'admin','2022-01-07 17:08:52','',NULL),
(128,'13','is_cache','是否缓存（0缓存 1不缓存）','int(1)','Integer','isCache','0','0',NULL,'1','1','1','1','EQ','input','',9,'admin','2022-01-07 17:08:52','',NULL),
(129,'13','menu_type','菜单类型（M目录 C菜单 F按钮）','char(1)','String','menuType','0','0',NULL,'1','1','1','1','EQ','select','',10,'admin','2022-01-07 17:08:52','',NULL),
(130,'13','visible','菜单状态（0显示 1隐藏）','char(1)','String','visible','0','0',NULL,'1','1','1','1','EQ','input','',11,'admin','2022-01-07 17:08:52','',NULL),
(131,'13','status','菜单状态（0正常 1停用）','char(1)','String','status','0','0',NULL,'1','1','1','1','EQ','radio','',12,'admin','2022-01-07 17:08:52','',NULL),
(132,'13','perms','权限标识','varchar(100)','String','perms','0','0',NULL,'1','1','1','1','EQ','input','',13,'admin','2022-01-07 17:08:52','',NULL),
(133,'13','icon','菜单图标','varchar(100)','String','icon','0','0',NULL,'1','1','1','1','EQ','input','',14,'admin','2022-01-07 17:08:52','',NULL),
(134,'13','create_by','创建者','varchar(64)','String','createBy','0','0',NULL,'1',NULL,NULL,NULL,'EQ','input','',15,'admin','2022-01-07 17:08:52','',NULL),
(135,'13','create_time','创建时间','datetime','Date','createTime','0','0',NULL,'1',NULL,NULL,NULL,'EQ','datetime','',16,'admin','2022-01-07 17:08:52','',NULL),
(136,'13','update_by','更新者','varchar(64)','String','updateBy','0','0',NULL,'1','1',NULL,NULL,'EQ','input','',17,'admin','2022-01-07 17:08:52','',NULL),
(137,'13','update_time','更新时间','datetime','Date','updateTime','0','0',NULL,'1','1',NULL,NULL,'EQ','datetime','',18,'admin','2022-01-07 17:08:52','',NULL),
(138,'13','remark','备注','varchar(500)','String','remark','0','0',NULL,'1','1','1',NULL,'EQ','textarea','',19,'admin','2022-01-07 17:08:52','',NULL),
(139,'14','post_id','岗位ID','bigint(20)','Long','postId','1','1',NULL,'1',NULL,NULL,NULL,'EQ','input','',1,'admin','2022-01-07 17:08:52','',NULL),
(140,'14','post_code','岗位编码','varchar(64)','String','postCode','0','0','1','1','1','1','1','EQ','input','',2,'admin','2022-01-07 17:08:52','',NULL),
(141,'14','post_name','岗位名称','varchar(50)','String','postName','0','0','1','1','1','1','1','LIKE','input','',3,'admin','2022-01-07 17:08:52','',NULL),
(142,'14','post_sort','显示顺序','int(4)','Integer','postSort','0','0','1','1','1','1','1','EQ','input','',4,'admin','2022-01-07 17:08:52','',NULL),
(143,'14','status','状态（0正常 1停用）','char(1)','String','status','0','0','1','1','1','1','1','EQ','radio','',5,'admin','2022-01-07 17:08:52','',NULL),
(144,'14','create_by','创建者','varchar(64)','String','createBy','0','0',NULL,'1',NULL,NULL,NULL,'EQ','input','',6,'admin','2022-01-07 17:08:52','',NULL),
(145,'14','create_time','创建时间','datetime','Date','createTime','0','0',NULL,'1',NULL,NULL,NULL,'EQ','datetime','',7,'admin','2022-01-07 17:08:52','',NULL),
(146,'14','update_by','更新者','varchar(64)','String','updateBy','0','0',NULL,'1','1',NULL,NULL,'EQ','input','',8,'admin','2022-01-07 17:08:52','',NULL),
(147,'14','update_time','更新时间','datetime','Date','updateTime','0','0',NULL,'1','1',NULL,NULL,'EQ','datetime','',9,'admin','2022-01-07 17:08:52','',NULL),
(148,'14','remark','备注','varchar(500)','String','remark','0','0',NULL,'1','1','1',NULL,'EQ','textarea','',10,'admin','2022-01-07 17:08:52','',NULL),
(149,'15','role_id','角色ID','bigint(20)','Long','roleId','1','1',NULL,'1',NULL,NULL,NULL,'EQ','input','',1,'admin','2022-01-07 17:08:52','',NULL),
(150,'15','role_name','角色名称','varchar(30)','String','roleName','0','0','1','1','1','1','1','LIKE','input','',2,'admin','2022-01-07 17:08:52','',NULL),
(151,'15','role_key','角色权限字符串','varchar(100)','String','roleKey','0','0','1','1','1','1','1','EQ','input','',3,'admin','2022-01-07 17:08:52','',NULL),
(152,'15','role_sort','显示顺序','int(4)','Integer','roleSort','0','0','1','1','1','1','1','EQ','input','',4,'admin','2022-01-07 17:08:52','',NULL),
(153,'15','data_scope','数据范围（1：全部数据权限 2：自定数据权限 3：本部门数据权限 4：本部门及以下数据权限）','char(1)','String','dataScope','0','0',NULL,'1','1','1','1','EQ','input','',5,'admin','2022-01-07 17:08:52','',NULL),
(154,'15','menu_check_strictly','菜单树选择项是否关联显示','tinyint(1)','Integer','menuCheckStrictly','0','0',NULL,'1','1','1','1','EQ','input','',6,'admin','2022-01-07 17:08:52','',NULL),
(155,'15','dept_check_strictly','部门树选择项是否关联显示','tinyint(1)','Integer','deptCheckStrictly','0','0',NULL,'1','1','1','1','EQ','input','',7,'admin','2022-01-07 17:08:52','',NULL),
(156,'15','status','角色状态（0正常 1停用）','char(1)','String','status','0','0','1','1','1','1','1','EQ','radio','',8,'admin','2022-01-07 17:08:52','',NULL),
(157,'15','del_flag','删除标志（0代表存在 2代表删除）','char(1)','String','delFlag','0','0',NULL,'1',NULL,NULL,NULL,'EQ','input','',9,'admin','2022-01-07 17:08:52','',NULL),
(158,'15','create_by','创建者','varchar(64)','String','createBy','0','0',NULL,'1',NULL,NULL,NULL,'EQ','input','',10,'admin','2022-01-07 17:08:52','',NULL),
(159,'15','create_time','创建时间','datetime','Date','createTime','0','0',NULL,'1',NULL,NULL,NULL,'EQ','datetime','',11,'admin','2022-01-07 17:08:52','',NULL),
(160,'15','update_by','更新者','varchar(64)','String','updateBy','0','0',NULL,'1','1',NULL,NULL,'EQ','input','',12,'admin','2022-01-07 17:08:52','',NULL),
(161,'15','update_time','更新时间','datetime','Date','updateTime','0','0',NULL,'1','1',NULL,NULL,'EQ','datetime','',13,'admin','2022-01-07 17:08:52','',NULL),
(162,'15','remark','备注','varchar(500)','String','remark','0','0',NULL,'1','1','1',NULL,'EQ','textarea','',14,'admin','2022-01-07 17:08:52','',NULL),
(163,'16','role_id','角色ID','bigint(20)','Long','roleId','1','0',NULL,'1',NULL,NULL,NULL,'EQ','input','',1,'admin','2022-01-07 17:08:52','',NULL),
(164,'16','dept_id','部门ID','bigint(20)','Long','deptId','1','0',NULL,'1',NULL,NULL,NULL,'EQ','input','',2,'admin','2022-01-07 17:08:52','',NULL),
(165,'17','user_id','用户ID','bigint(20)','Long','userId','1','1',NULL,'1',NULL,NULL,NULL,'EQ','input','',1,'admin','2022-01-07 17:08:52','',NULL),
(166,'17','dept_id','部门ID','bigint(20)','Long','deptId','0','0',NULL,'1','1','1','1','EQ','input','',2,'admin','2022-01-07 17:08:52','',NULL),
(167,'17','user_name','用户账号','varchar(30)','String','userName','0','0','1','1','1','1','1','LIKE','input','',3,'admin','2022-01-07 17:08:52','',NULL),
(168,'17','nick_name','用户昵称','varchar(30)','String','nickName','0','0','1','1','1','1','1','LIKE','input','',4,'admin','2022-01-07 17:08:52','',NULL),
(169,'17','user_type','用户类型（00系统用户）','varchar(2)','String','userType','0','0',NULL,'1','1','1','1','EQ','select','',5,'admin','2022-01-07 17:08:52','',NULL),
(170,'17','email','用户邮箱','varchar(50)','String','email','0','0',NULL,'1','1','1','1','EQ','input','',6,'admin','2022-01-07 17:08:52','',NULL),
(171,'17','phonenumber','手机号码','varchar(11)','String','phonenumber','0','0',NULL,'1','1','1','1','EQ','input','',7,'admin','2022-01-07 17:08:52','',NULL),
(172,'17','sex','用户性别（0男 1女 2未知）','char(1)','String','sex','0','0',NULL,'1','1','1','1','EQ','select','',8,'admin','2022-01-07 17:08:52','',NULL),
(173,'17','avatar','头像地址','varchar(100)','String','avatar','0','0',NULL,'1','1','1','1','EQ','input','',9,'admin','2022-01-07 17:08:52','',NULL),
(174,'17','password','密码','varchar(100)','String','password','0','0',NULL,'1','1','1','1','EQ','input','',10,'admin','2022-01-07 17:08:52','',NULL),
(175,'17','status','帐号状态（0正常 1停用）','char(1)','String','status','0','0',NULL,'1','1','1','1','EQ','radio','',11,'admin','2022-01-07 17:08:52','',NULL),
(176,'17','del_flag','删除标志（0代表存在 2代表删除）','char(1)','String','delFlag','0','0',NULL,'1',NULL,NULL,NULL,'EQ','input','',12,'admin','2022-01-07 17:08:52','',NULL),
(177,'17','login_ip','最后登录IP','varchar(128)','String','loginIp','0','0',NULL,'1','1','1','1','EQ','input','',13,'admin','2022-01-07 17:08:52','',NULL),
(178,'17','login_date','最后登录时间','datetime','Date','loginDate','0','0',NULL,'1','1','1','1','EQ','datetime','',14,'admin','2022-01-07 17:08:52','',NULL),
(179,'17','create_by','创建者','varchar(64)','String','createBy','0','0',NULL,'1',NULL,NULL,NULL,'EQ','input','',15,'admin','2022-01-07 17:08:52','',NULL),
(180,'17','create_time','创建时间','datetime','Date','createTime','0','0',NULL,'1',NULL,NULL,NULL,'EQ','datetime','',16,'admin','2022-01-07 17:08:52','',NULL),
(181,'17','update_by','更新者','varchar(64)','String','updateBy','0','0',NULL,'1','1',NULL,NULL,'EQ','input','',17,'admin','2022-01-07 17:08:52','',NULL),
(182,'17','update_time','更新时间','datetime','Date','updateTime','0','0',NULL,'1','1',NULL,NULL,'EQ','datetime','',18,'admin','2022-01-07 17:08:52','',NULL),
(183,'17','remark','备注','varchar(500)','String','remark','0','0',NULL,'1','1','1',NULL,'EQ','textarea','',19,'admin','2022-01-07 17:08:52','',NULL),
(184,'18','user_id','用户ID','bigint(20)','Long','userId','1','0',NULL,'1',NULL,NULL,NULL,'EQ','input','',1,'admin','2022-01-07 17:08:52','',NULL),
(185,'18','role_id','角色ID','bigint(20)','Long','roleId','1','0',NULL,'1',NULL,NULL,NULL,'EQ','input','',2,'admin','2022-01-07 17:08:52','',NULL);

/*Table structure for table `library_auth` */

DROP TABLE IF EXISTS `library_auth`;

CREATE TABLE `library_auth` (
  `id` bigint(20) NOT NULL AUTO_INCREMENT,
  `name` varchar(50) DEFAULT '' COMMENT '作者名称',
  `sex` int(11) DEFAULT '0' COMMENT '性别，0保密，1男，2女',
  `country` varchar(50) DEFAULT '' COMMENT '国籍',
  `nick_name` varchar(50) DEFAULT '' COMMENT '作者别名',
  `english_name` varchar(50) DEFAULT '' COMMENT '英文名称',
  `synopsis` varchar(250) DEFAULT '' COMMENT '简介',
  `identity` varchar(50) DEFAULT '' COMMENT '社会身份，多个身份逗号分隔',
  `status` int(11) DEFAULT '1' COMMENT '状态，默认1存在，零表示不存在',
  `create_time` datetime DEFAULT CURRENT_TIMESTAMP COMMENT '创建时间',
  `create_personal` bigint(20) DEFAULT '-1' COMMENT '创建人',
  `update_time` datetime DEFAULT NULL ON UPDATE CURRENT_TIMESTAMP COMMENT '更新时间',
  `update_personal` bigint(20) DEFAULT '-1' COMMENT '更新人',
  PRIMARY KEY (`id`)
) ENGINE=InnoDB DEFAULT CHARSET=utf8mb4 COMMENT='作信息者表';

/*Data for the table `library_auth` */

/*Table structure for table `library_book` */

DROP TABLE IF EXISTS `library_book`;

CREATE TABLE `library_book` (
  `id` bigint(20) NOT NULL AUTO_INCREMENT,
  `code` varchar(10) DEFAULT NULL,
  `type` varchar(1) DEFAULT NULL,
  `leavel` varchar(5) DEFAULT NULL,
  `class` varchar(5) DEFAULT NULL,
  `author` bigint(20) DEFAULT NULL,
  `mechanism` bigint(20) DEFAULT NULL,
  `publication_date` datetime DEFAULT NULL,
  `version` varchar(10) DEFAULT NULL,
  `circulation` varchar(10) DEFAULT NULL,
  PRIMARY KEY (`id`)
) ENGINE=InnoDB DEFAULT CHARSET=utf8mb4;

/*Data for the table `library_book` */

/*Table structure for table `library_mechanism` */

DROP TABLE IF EXISTS `library_mechanism`;

CREATE TABLE `library_mechanism` (
  `id` bigint(20) NOT NULL AUTO_INCREMENT,
  `dept_id` bigint(20) DEFAULT '0' COMMENT '图书管理机构id',
  `email` varchar(30) DEFAULT '' COMMENT '单位邮箱',
  `phone` varchar(11) DEFAULT '' COMMENT '单位联系电话',
  `addr` varchar(80) DEFAULT '' COMMENT '单位地址',
  `status` int(11) DEFAULT '1' COMMENT '状态',
  `create_time` datetime DEFAULT CURRENT_TIMESTAMP COMMENT '创建时间',
  `create_person` bigint(20) DEFAULT '0' COMMENT '创建人',
  `update_time` datetime DEFAULT NULL ON UPDATE CURRENT_TIMESTAMP COMMENT '更新时间',
  `update_person` bigint(20) DEFAULT '0' COMMENT '更新人',
  `del_time` datetime DEFAULT NULL COMMENT '删除时间',
  `del_person` bigint(20) DEFAULT '0' COMMENT '删除人',
  PRIMARY KEY (`id`)
) ENGINE=InnoDB AUTO_INCREMENT=2 DEFAULT CHARSET=utf8mb4;

/*Data for the table `library_mechanism` */

insert  into `library_mechanism`(`id`,`dept_id`,`email`,`phone`,`addr`,`status`,`create_time`,`create_person`,`update_time`,`update_person`,`del_time`,`del_person`) values 
(1,100,'123@qq.com','15770674965','九江市共青城市江益镇青年大道69号南昌航空大学科技学院',1,'2022-01-13 14:40:54',1,NULL,0,NULL,0);

/*Table structure for table `library_press` */

DROP TABLE IF EXISTS `library_press`;

CREATE TABLE `library_press` (
  `id` bigint(20) NOT NULL AUTO_INCREMENT COMMENT '主键',
  `name` varchar(50) DEFAULT '' COMMENT '出版社名称',
  `addr` varchar(125) DEFAULT '' COMMENT '出版社地址',
  `mark` varchar(125) DEFAULT '' COMMENT '出版社简介',
  `email` varchar(30) DEFAULT '' COMMENT '单位邮箱',
  `phone` varchar(11) DEFAULT '' COMMENT '联系电话',
  `status` int(11) DEFAULT '1' COMMENT '状态，默认1存在，0不存在',
  `create_time` datetime DEFAULT CURRENT_TIMESTAMP COMMENT '创建时间',
  `create_personal` bigint(20) DEFAULT '0' COMMENT '创建人',
  `update_time` datetime DEFAULT NULL ON UPDATE CURRENT_TIMESTAMP COMMENT '修改时间',
  `update_personal` bigint(20) DEFAULT '0' COMMENT '修改人',
  `del_time` datetime DEFAULT NULL COMMENT '删除时间',
  `del_personal` bigint(20) DEFAULT '0' COMMENT '删除人',
  PRIMARY KEY (`id`)
) ENGINE=InnoDB DEFAULT CHARSET=utf8mb4;

/*Data for the table `library_press` */

/*Table structure for table `library_stock` */

DROP TABLE IF EXISTS `library_stock`;

CREATE TABLE `library_stock` (
  `id` bigint(20) NOT NULL AUTO_INCREMENT COMMENT '库位id',
  `stock_code` varchar(30) DEFAULT '' COMMENT '库位编码',
  `mechanism` bigint(20) DEFAULT '-1' COMMENT '图书管理机构id',
  `store_id` bigint(20) DEFAULT '-1' COMMENT '库位所在书架层ID',
  `localtion` varchar(100) DEFAULT '' COMMENT '库位具体位置，例如：xx楼xx库xx夹xx排...',
  `has_book` char(1) DEFAULT '0' COMMENT '是否存放图书',
  `mark` varchar(100) DEFAULT '' COMMENT '备注',
  `status` int(11) DEFAULT '1' COMMENT '库位状态，默认正常未存放图书，1表示已存放图书，-1表示损坏未存放图书',
  `create_time` datetime DEFAULT CURRENT_TIMESTAMP COMMENT '创建时间',
  `create_personal` bigint(20) DEFAULT '-1' COMMENT '创建人',
  `update_time` datetime DEFAULT NULL ON UPDATE CURRENT_TIMESTAMP COMMENT '更新时间',
  `update_personal` bigint(20) DEFAULT '-1' COMMENT '更新人',
  PRIMARY KEY (`id`)
) ENGINE=InnoDB DEFAULT CHARSET=utf8mb4 COMMENT='库位信息';

/*Data for the table `library_stock` */

/*Table structure for table `library_stock_bookshelf` */

DROP TABLE IF EXISTS `library_stock_bookshelf`;

CREATE TABLE `library_stock_bookshelf` (
  `id` bigint(20) NOT NULL AUTO_INCREMENT COMMENT '书架id',
  `code` varchar(30) DEFAULT '' COMMENT '书架编码',
  `name` varchar(50) DEFAULT '' COMMENT '书架名称',
  `title` varchar(50) DEFAULT '' COMMENT '书架标题',
  `book_type` bigint(20) DEFAULT '-1' COMMENT '书架存书类别ID',
  `mark` varchar(100) DEFAULT '' COMMENT '备注',
  `status` int(11) DEFAULT '1' COMMENT '状态，默认1,表示存在，失效使用0表示',
  `dept` bigint(20) DEFAULT '-1' COMMENT '部门ID',
  `create_time` datetime DEFAULT CURRENT_TIMESTAMP COMMENT '创建时间',
  `create_personal` bigint(20) DEFAULT '-1' COMMENT '创建人ID',
  `update_time` datetime DEFAULT NULL ON UPDATE CURRENT_TIMESTAMP COMMENT '更新时间',
  `update_personal` bigint(20) DEFAULT '-1' COMMENT '更新人ID',
  PRIMARY KEY (`id`)
) ENGINE=InnoDB DEFAULT CHARSET=utf8mb4 COMMENT='书架信息';

/*Data for the table `library_stock_bookshelf` */

/*Table structure for table `library_stock_storey` */

DROP TABLE IF EXISTS `library_stock_storey`;

CREATE TABLE `library_stock_storey` (
  `id` bigint(20) NOT NULL AUTO_INCREMENT COMMENT '层ID',
  `code` varchar(30) DEFAULT '' COMMENT '层编码',
  `name` varchar(50) DEFAULT '' COMMENT '层名称',
  `title` varchar(50) DEFAULT '' COMMENT '层标题',
  `book_type` bigint(20) DEFAULT '-1' COMMENT '存放图书类别',
  `mark` varchar(100) DEFAULT '' COMMENT '备注',
  `status` int(11) DEFAULT '1' COMMENT '状态，默认1,表示存在，失效使用0表示',
  `bookshelf` bigint(20) DEFAULT '-1' COMMENT '书架ID',
  `create_time` datetime DEFAULT CURRENT_TIMESTAMP COMMENT '创建时间',
  `create_personal` bigint(20) DEFAULT '-1' COMMENT '创建人ID',
  `update_time` datetime DEFAULT NULL ON UPDATE CURRENT_TIMESTAMP COMMENT '更新时间',
  `update_personal` bigint(20) DEFAULT '-1' COMMENT '更新人ID',
  PRIMARY KEY (`id`)
) ENGINE=InnoDB DEFAULT CHARSET=utf8mb4 COMMENT='书架层信息';

/*Data for the table `library_stock_storey` */

/*Table structure for table `qrtz_blob_triggers` */

DROP TABLE IF EXISTS `qrtz_blob_triggers`;

CREATE TABLE `qrtz_blob_triggers` (
  `sched_name` varchar(120) NOT NULL COMMENT '调度名称',
  `trigger_name` varchar(200) NOT NULL COMMENT 'qrtz_triggers表trigger_name的外键',
  `trigger_group` varchar(200) NOT NULL COMMENT 'qrtz_triggers表trigger_group的外键',
  `blob_data` blob COMMENT '存放持久化Trigger对象',
  PRIMARY KEY (`sched_name`,`trigger_name`,`trigger_group`),
  CONSTRAINT `qrtz_blob_triggers_ibfk_1` FOREIGN KEY (`sched_name`, `trigger_name`, `trigger_group`) REFERENCES `qrtz_triggers` (`sched_name`, `trigger_name`, `trigger_group`)
) ENGINE=InnoDB DEFAULT CHARSET=utf8mb4 COMMENT='Blob类型的触发器表';

/*Data for the table `qrtz_blob_triggers` */

/*Table structure for table `qrtz_calendars` */

DROP TABLE IF EXISTS `qrtz_calendars`;

CREATE TABLE `qrtz_calendars` (
  `sched_name` varchar(120) NOT NULL COMMENT '调度名称',
  `calendar_name` varchar(200) NOT NULL COMMENT '日历名称',
  `calendar` blob NOT NULL COMMENT '存放持久化calendar对象',
  PRIMARY KEY (`sched_name`,`calendar_name`)
) ENGINE=InnoDB DEFAULT CHARSET=utf8mb4 COMMENT='日历信息表';

/*Data for the table `qrtz_calendars` */

/*Table structure for table `qrtz_cron_triggers` */

DROP TABLE IF EXISTS `qrtz_cron_triggers`;

CREATE TABLE `qrtz_cron_triggers` (
  `sched_name` varchar(120) NOT NULL COMMENT '调度名称',
  `trigger_name` varchar(200) NOT NULL COMMENT 'qrtz_triggers表trigger_name的外键',
  `trigger_group` varchar(200) NOT NULL COMMENT 'qrtz_triggers表trigger_group的外键',
  `cron_expression` varchar(200) NOT NULL COMMENT 'cron表达式',
  `time_zone_id` varchar(80) DEFAULT NULL COMMENT '时区',
  PRIMARY KEY (`sched_name`,`trigger_name`,`trigger_group`),
  CONSTRAINT `qrtz_cron_triggers_ibfk_1` FOREIGN KEY (`sched_name`, `trigger_name`, `trigger_group`) REFERENCES `qrtz_triggers` (`sched_name`, `trigger_name`, `trigger_group`)
) ENGINE=InnoDB DEFAULT CHARSET=utf8mb4 COMMENT='Cron类型的触发器表';

/*Data for the table `qrtz_cron_triggers` */

insert  into `qrtz_cron_triggers`(`sched_name`,`trigger_name`,`trigger_group`,`cron_expression`,`time_zone_id`) values 
('nhXJHScheduler','TASK_CLASS_NAME1','DEFAULT','0/10 * * * * ?','Asia/Shanghai'),
('nhXJHScheduler','TASK_CLASS_NAME2','DEFAULT','0/15 * * * * ?','Asia/Shanghai'),
('nhXJHScheduler','TASK_CLASS_NAME3','DEFAULT','0/20 * * * * ?','Asia/Shanghai');

/*Table structure for table `qrtz_fired_triggers` */

DROP TABLE IF EXISTS `qrtz_fired_triggers`;

CREATE TABLE `qrtz_fired_triggers` (
  `sched_name` varchar(120) NOT NULL COMMENT '调度名称',
  `entry_id` varchar(95) NOT NULL COMMENT '调度器实例id',
  `trigger_name` varchar(200) NOT NULL COMMENT 'qrtz_triggers表trigger_name的外键',
  `trigger_group` varchar(200) NOT NULL COMMENT 'qrtz_triggers表trigger_group的外键',
  `instance_name` varchar(200) NOT NULL COMMENT '调度器实例名',
  `fired_time` bigint(13) NOT NULL COMMENT '触发的时间',
  `sched_time` bigint(13) NOT NULL COMMENT '定时器制定的时间',
  `priority` int(11) NOT NULL COMMENT '优先级',
  `state` varchar(16) NOT NULL COMMENT '状态',
  `job_name` varchar(200) DEFAULT NULL COMMENT '任务名称',
  `job_group` varchar(200) DEFAULT NULL COMMENT '任务组名',
  `is_nonconcurrent` varchar(1) DEFAULT NULL COMMENT '是否并发',
  `requests_recovery` varchar(1) DEFAULT NULL COMMENT '是否接受恢复执行',
  PRIMARY KEY (`sched_name`,`entry_id`)
) ENGINE=InnoDB DEFAULT CHARSET=utf8mb4 COMMENT='已触发的触发器表';

/*Data for the table `qrtz_fired_triggers` */

/*Table structure for table `qrtz_job_details` */

DROP TABLE IF EXISTS `qrtz_job_details`;

CREATE TABLE `qrtz_job_details` (
  `sched_name` varchar(120) NOT NULL COMMENT '调度名称',
  `job_name` varchar(200) NOT NULL COMMENT '任务名称',
  `job_group` varchar(200) NOT NULL COMMENT '任务组名',
  `description` varchar(250) DEFAULT NULL COMMENT '相关介绍',
  `job_class_name` varchar(250) NOT NULL COMMENT '执行任务类名称',
  `is_durable` varchar(1) NOT NULL COMMENT '是否持久化',
  `is_nonconcurrent` varchar(1) NOT NULL COMMENT '是否并发',
  `is_update_data` varchar(1) NOT NULL COMMENT '是否更新数据',
  `requests_recovery` varchar(1) NOT NULL COMMENT '是否接受恢复执行',
  `job_data` blob COMMENT '存放持久化job对象',
  PRIMARY KEY (`sched_name`,`job_name`,`job_group`)
) ENGINE=InnoDB DEFAULT CHARSET=utf8mb4 COMMENT='任务详细信息表';

/*Data for the table `qrtz_job_details` */

insert  into `qrtz_job_details`(`sched_name`,`job_name`,`job_group`,`description`,`job_class_name`,`is_durable`,`is_nonconcurrent`,`is_update_data`,`requests_recovery`,`job_data`) values 
('nhXJHScheduler','TASK_CLASS_NAME1','DEFAULT',NULL,'com.nhXJH.quartz.util.QuartzDisallowConcurrentExecution','0','1','0','0','\0sr\0org.quartz.JobDataMap迩\0\0xr\0&org.quartz.utils.StringKeyDirtyFlagMap](\0Z\0allowsTransientDataxr\0org.quartz.utils.DirtyFlagMap.(v\n\0Z\0dirtyL\0mapt\0Ljava/util/Map;xpsr\0java.util.HashMap`\0F\0\nloadFactorI\0	thresholdxp?@\0\0\0\0\0w\0\0\0\0\0\0t\0TASK_PROPERTIESsr\0com.nhXJH.quartz.domain.SysJob\0\0\0\0\0\0\0\0L\0\nconcurrentt\0Ljava/lang/String;L\0cronExpressionq\0~\0	L\0invokeTargetq\0~\0	L\0jobGroupq\0~\0	L\0jobIdt\0Ljava/lang/Long;L\0jobNameq\0~\0	L\0\rmisfirePolicyq\0~\0	L\0statusq\0~\0	xr\0\'com.nhXJH.common.core.domain.BaseEntity\0\0\0\0\0\0\0\0L\0createByq\0~\0	L\0\ncreateTimet\0Ljava/util/Date;L\0paramsq\0~\0L\0remarkq\0~\0	L\0searchValueq\0~\0	L\0updateByq\0~\0	L\0\nupdateTimeq\0~\0xpt\0adminsr\0java.util.DatehjKYt\0\0xpw\0\0~3c@xpt\0\0pppt\01t\00/10 * * * * ?t\0ryTask.ryNoParamst\0DEFAULTsr\0java.lang.Long;̏#\0J\0valuexr\0java.lang.Number\0\0xp\0\0\0\0\0\0\0t\0系统默认（无参）t\03t\01x\0'),
('nhXJHScheduler','TASK_CLASS_NAME2','DEFAULT',NULL,'com.nhXJH.quartz.util.QuartzDisallowConcurrentExecution','0','1','0','0','\0sr\0org.quartz.JobDataMap迩\0\0xr\0&org.quartz.utils.StringKeyDirtyFlagMap](\0Z\0allowsTransientDataxr\0org.quartz.utils.DirtyFlagMap.(v\n\0Z\0dirtyL\0mapt\0Ljava/util/Map;xpsr\0java.util.HashMap`\0F\0\nloadFactorI\0	thresholdxp?@\0\0\0\0\0w\0\0\0\0\0\0t\0TASK_PROPERTIESsr\0com.nhXJH.quartz.domain.SysJob\0\0\0\0\0\0\0\0L\0\nconcurrentt\0Ljava/lang/String;L\0cronExpressionq\0~\0	L\0invokeTargetq\0~\0	L\0jobGroupq\0~\0	L\0jobIdt\0Ljava/lang/Long;L\0jobNameq\0~\0	L\0\rmisfirePolicyq\0~\0	L\0statusq\0~\0	xr\0\'com.nhXJH.common.core.domain.BaseEntity\0\0\0\0\0\0\0\0L\0createByq\0~\0	L\0\ncreateTimet\0Ljava/util/Date;L\0paramsq\0~\0L\0remarkq\0~\0	L\0searchValueq\0~\0	L\0updateByq\0~\0	L\0\nupdateTimeq\0~\0xpt\0adminsr\0java.util.DatehjKYt\0\0xpw\0\0~3c@xpt\0\0pppt\01t\00/15 * * * * ?t\0ryTask.ryParams(\'ry\')t\0DEFAULTsr\0java.lang.Long;̏#\0J\0valuexr\0java.lang.Number\0\0xp\0\0\0\0\0\0\0t\0系统默认（有参）t\03t\01x\0'),
('nhXJHScheduler','TASK_CLASS_NAME3','DEFAULT',NULL,'com.nhXJH.quartz.util.QuartzDisallowConcurrentExecution','0','1','0','0','\0sr\0org.quartz.JobDataMap迩\0\0xr\0&org.quartz.utils.StringKeyDirtyFlagMap](\0Z\0allowsTransientDataxr\0org.quartz.utils.DirtyFlagMap.(v\n\0Z\0dirtyL\0mapt\0Ljava/util/Map;xpsr\0java.util.HashMap`\0F\0\nloadFactorI\0	thresholdxp?@\0\0\0\0\0w\0\0\0\0\0\0t\0TASK_PROPERTIESsr\0com.nhXJH.quartz.domain.SysJob\0\0\0\0\0\0\0\0L\0\nconcurrentt\0Ljava/lang/String;L\0cronExpressionq\0~\0	L\0invokeTargetq\0~\0	L\0jobGroupq\0~\0	L\0jobIdt\0Ljava/lang/Long;L\0jobNameq\0~\0	L\0\rmisfirePolicyq\0~\0	L\0statusq\0~\0	xr\0\'com.nhXJH.common.core.domain.BaseEntity\0\0\0\0\0\0\0\0L\0createByq\0~\0	L\0\ncreateTimet\0Ljava/util/Date;L\0paramsq\0~\0L\0remarkq\0~\0	L\0searchValueq\0~\0	L\0updateByq\0~\0	L\0\nupdateTimeq\0~\0xpt\0adminsr\0java.util.DatehjKYt\0\0xpw\0\0~3c@xpt\0\0pppt\01t\00/20 * * * * ?t\08ryTask.ryMultipleParams(\'ry\', true, 2000L, 316.50D, 100)t\0DEFAULTsr\0java.lang.Long;̏#\0J\0valuexr\0java.lang.Number\0\0xp\0\0\0\0\0\0\0t\0系统默认（多参）t\03t\01x\0');

/*Table structure for table `qrtz_locks` */

DROP TABLE IF EXISTS `qrtz_locks`;

CREATE TABLE `qrtz_locks` (
  `sched_name` varchar(120) NOT NULL COMMENT '调度名称',
  `lock_name` varchar(40) NOT NULL COMMENT '悲观锁名称',
  PRIMARY KEY (`sched_name`,`lock_name`)
) ENGINE=InnoDB DEFAULT CHARSET=utf8mb4 COMMENT='存储的悲观锁信息表';

/*Data for the table `qrtz_locks` */

insert  into `qrtz_locks`(`sched_name`,`lock_name`) values 
('nhXJHScheduler','STATE_ACCESS'),
('nhXJHScheduler','TRIGGER_ACCESS');

/*Table structure for table `qrtz_paused_trigger_grps` */

DROP TABLE IF EXISTS `qrtz_paused_trigger_grps`;

CREATE TABLE `qrtz_paused_trigger_grps` (
  `sched_name` varchar(120) NOT NULL COMMENT '调度名称',
  `trigger_group` varchar(200) NOT NULL COMMENT 'qrtz_triggers表trigger_group的外键',
  PRIMARY KEY (`sched_name`,`trigger_group`)
) ENGINE=InnoDB DEFAULT CHARSET=utf8mb4 COMMENT='暂停的触发器表';

/*Data for the table `qrtz_paused_trigger_grps` */

/*Table structure for table `qrtz_scheduler_state` */

DROP TABLE IF EXISTS `qrtz_scheduler_state`;

CREATE TABLE `qrtz_scheduler_state` (
  `sched_name` varchar(120) NOT NULL COMMENT '调度名称',
  `instance_name` varchar(200) NOT NULL COMMENT '实例名称',
  `last_checkin_time` bigint(13) NOT NULL COMMENT '上次检查时间',
  `checkin_interval` bigint(13) NOT NULL COMMENT '检查间隔时间',
  PRIMARY KEY (`sched_name`,`instance_name`)
) ENGINE=InnoDB DEFAULT CHARSET=utf8mb4 COMMENT='调度器状态表';

/*Data for the table `qrtz_scheduler_state` */

insert  into `qrtz_scheduler_state`(`sched_name`,`instance_name`,`last_checkin_time`,`checkin_interval`) values 
('nhXJHScheduler','fire1642754395979',1642755331801,15000);

/*Table structure for table `qrtz_simple_triggers` */

DROP TABLE IF EXISTS `qrtz_simple_triggers`;

CREATE TABLE `qrtz_simple_triggers` (
  `sched_name` varchar(120) NOT NULL COMMENT '调度名称',
  `trigger_name` varchar(200) NOT NULL COMMENT 'qrtz_triggers表trigger_name的外键',
  `trigger_group` varchar(200) NOT NULL COMMENT 'qrtz_triggers表trigger_group的外键',
  `repeat_count` bigint(7) NOT NULL COMMENT '重复的次数统计',
  `repeat_interval` bigint(12) NOT NULL COMMENT '重复的间隔时间',
  `times_triggered` bigint(10) NOT NULL COMMENT '已经触发的次数',
  PRIMARY KEY (`sched_name`,`trigger_name`,`trigger_group`),
  CONSTRAINT `qrtz_simple_triggers_ibfk_1` FOREIGN KEY (`sched_name`, `trigger_name`, `trigger_group`) REFERENCES `qrtz_triggers` (`sched_name`, `trigger_name`, `trigger_group`)
) ENGINE=InnoDB DEFAULT CHARSET=utf8mb4 COMMENT='简单触发器的信息表';

/*Data for the table `qrtz_simple_triggers` */

/*Table structure for table `qrtz_simprop_triggers` */

DROP TABLE IF EXISTS `qrtz_simprop_triggers`;

CREATE TABLE `qrtz_simprop_triggers` (
  `sched_name` varchar(120) NOT NULL COMMENT '调度名称',
  `trigger_name` varchar(200) NOT NULL COMMENT 'qrtz_triggers表trigger_name的外键',
  `trigger_group` varchar(200) NOT NULL COMMENT 'qrtz_triggers表trigger_group的外键',
  `str_prop_1` varchar(512) DEFAULT NULL COMMENT 'String类型的trigger的第一个参数',
  `str_prop_2` varchar(512) DEFAULT NULL COMMENT 'String类型的trigger的第二个参数',
  `str_prop_3` varchar(512) DEFAULT NULL COMMENT 'String类型的trigger的第三个参数',
  `int_prop_1` int(11) DEFAULT NULL COMMENT 'int类型的trigger的第一个参数',
  `int_prop_2` int(11) DEFAULT NULL COMMENT 'int类型的trigger的第二个参数',
  `long_prop_1` bigint(20) DEFAULT NULL COMMENT 'long类型的trigger的第一个参数',
  `long_prop_2` bigint(20) DEFAULT NULL COMMENT 'long类型的trigger的第二个参数',
  `dec_prop_1` decimal(13,4) DEFAULT NULL COMMENT 'decimal类型的trigger的第一个参数',
  `dec_prop_2` decimal(13,4) DEFAULT NULL COMMENT 'decimal类型的trigger的第二个参数',
  `bool_prop_1` varchar(1) DEFAULT NULL COMMENT 'Boolean类型的trigger的第一个参数',
  `bool_prop_2` varchar(1) DEFAULT NULL COMMENT 'Boolean类型的trigger的第二个参数',
  PRIMARY KEY (`sched_name`,`trigger_name`,`trigger_group`),
  CONSTRAINT `qrtz_simprop_triggers_ibfk_1` FOREIGN KEY (`sched_name`, `trigger_name`, `trigger_group`) REFERENCES `qrtz_triggers` (`sched_name`, `trigger_name`, `trigger_group`)
) ENGINE=InnoDB DEFAULT CHARSET=utf8mb4 COMMENT='同步机制的行锁表';

/*Data for the table `qrtz_simprop_triggers` */

/*Table structure for table `qrtz_triggers` */

DROP TABLE IF EXISTS `qrtz_triggers`;

CREATE TABLE `qrtz_triggers` (
  `sched_name` varchar(120) NOT NULL COMMENT '调度名称',
  `trigger_name` varchar(200) NOT NULL COMMENT '触发器的名字',
  `trigger_group` varchar(200) NOT NULL COMMENT '触发器所属组的名字',
  `job_name` varchar(200) NOT NULL COMMENT 'qrtz_job_details表job_name的外键',
  `job_group` varchar(200) NOT NULL COMMENT 'qrtz_job_details表job_group的外键',
  `description` varchar(250) DEFAULT NULL COMMENT '相关介绍',
  `next_fire_time` bigint(13) DEFAULT NULL COMMENT '上一次触发时间（毫秒）',
  `prev_fire_time` bigint(13) DEFAULT NULL COMMENT '下一次触发时间（默认为-1表示不触发）',
  `priority` int(11) DEFAULT NULL COMMENT '优先级',
  `trigger_state` varchar(16) NOT NULL COMMENT '触发器状态',
  `trigger_type` varchar(8) NOT NULL COMMENT '触发器的类型',
  `start_time` bigint(13) NOT NULL COMMENT '开始时间',
  `end_time` bigint(13) DEFAULT NULL COMMENT '结束时间',
  `calendar_name` varchar(200) DEFAULT NULL COMMENT '日程表名称',
  `misfire_instr` smallint(2) DEFAULT NULL COMMENT '补偿执行的策略',
  `job_data` blob COMMENT '存放持久化job对象',
  PRIMARY KEY (`sched_name`,`trigger_name`,`trigger_group`),
  KEY `sched_name` (`sched_name`,`job_name`,`job_group`),
  CONSTRAINT `qrtz_triggers_ibfk_1` FOREIGN KEY (`sched_name`, `job_name`, `job_group`) REFERENCES `qrtz_job_details` (`sched_name`, `job_name`, `job_group`)
) ENGINE=InnoDB DEFAULT CHARSET=utf8mb4 COMMENT='触发器详细信息表';

/*Data for the table `qrtz_triggers` */

insert  into `qrtz_triggers`(`sched_name`,`trigger_name`,`trigger_group`,`job_name`,`job_group`,`description`,`next_fire_time`,`prev_fire_time`,`priority`,`trigger_state`,`trigger_type`,`start_time`,`end_time`,`calendar_name`,`misfire_instr`,`job_data`) values 
('nhXJHScheduler','TASK_CLASS_NAME1','DEFAULT','TASK_CLASS_NAME1','DEFAULT',NULL,1642754400000,-1,5,'PAUSED','CRON',1642754396000,0,NULL,2,''),
('nhXJHScheduler','TASK_CLASS_NAME2','DEFAULT','TASK_CLASS_NAME2','DEFAULT',NULL,1642754400000,-1,5,'PAUSED','CRON',1642754396000,0,NULL,2,''),
('nhXJHScheduler','TASK_CLASS_NAME3','DEFAULT','TASK_CLASS_NAME3','DEFAULT',NULL,1642754400000,-1,5,'PAUSED','CRON',1642754396000,0,NULL,2,'');

/*Table structure for table `sys_config` */

DROP TABLE IF EXISTS `sys_config`;

CREATE TABLE `sys_config` (
  `config_id` int(5) NOT NULL AUTO_INCREMENT COMMENT '参数主键',
  `config_name` varchar(100) DEFAULT '' COMMENT '参数名称',
  `config_key` varchar(100) DEFAULT '' COMMENT '参数键名',
  `config_value` varchar(500) DEFAULT '' COMMENT '参数键值',
  `config_type` char(1) DEFAULT 'N' COMMENT '系统内置（Y是 N否）',
  `create_by` varchar(64) DEFAULT '' COMMENT '创建者',
  `create_time` datetime DEFAULT NULL COMMENT '创建时间',
  `update_by` varchar(64) DEFAULT '' COMMENT '更新者',
  `update_time` datetime DEFAULT NULL ON UPDATE CURRENT_TIMESTAMP COMMENT '更新时间',
  `remark` varchar(500) DEFAULT '' COMMENT '备注',
  PRIMARY KEY (`config_id`)
) ENGINE=InnoDB AUTO_INCREMENT=6 DEFAULT CHARSET=utf8mb4 COMMENT='参数配置表';

/*Data for the table `sys_config` */

insert  into `sys_config`(`config_id`,`config_name`,`config_key`,`config_value`,`config_type`,`create_by`,`create_time`,`update_by`,`update_time`,`remark`) values 
(1,'主框架页-默认皮肤样式名称','sys.index.skinName','skin-blue','Y','admin','2022-01-07 15:58:00','',NULL,'蓝色 skin-blue、绿色 skin-green、紫色 skin-purple、红色 skin-red、黄色 skin-yellow'),
(2,'用户管理-账号初始密码','sys.user.initPassword','123456','Y','admin','2022-01-07 15:58:00','',NULL,'初始化密码 123456'),
(3,'主框架页-侧边栏主题','sys.index.sideTheme','theme-dark','Y','admin','2022-01-07 15:58:00','',NULL,'深色主题theme-dark，浅色主题theme-light'),
(4,'账号自助-验证码开关','sys.account.captchaOnOff','true','Y','admin','2022-01-07 15:58:00','',NULL,'是否开启验证码功能（true开启，false关闭）'),
(5,'账号自助-是否开启用户注册功能','sys.account.registerUser','false','Y','admin','2022-01-07 15:58:00','',NULL,'是否开启注册用户功能（true开启，false关闭）');

/*Table structure for table `sys_dept` */

DROP TABLE IF EXISTS `sys_dept`;

CREATE TABLE `sys_dept` (
  `dept_id` bigint(20) NOT NULL AUTO_INCREMENT COMMENT '部门id',
  `parent_id` bigint(20) DEFAULT '0' COMMENT '父部门id',
  `ancestors` varchar(50) DEFAULT '' COMMENT '祖级列表',
  `dept_name` varchar(30) DEFAULT '' COMMENT '部门名称',
  `order_num` int(4) DEFAULT '0' COMMENT '显示顺序',
  `leader` varchar(20) DEFAULT '' COMMENT '负责人',
  `phone` varchar(11) DEFAULT '' COMMENT '联系电话',
  `email` varchar(50) DEFAULT '' COMMENT '邮箱',
  `status` char(1) DEFAULT '0' COMMENT '部门状态（0正常 1停用）',
  `del_flag` char(1) DEFAULT '0' COMMENT '删除标志（0代表存在 2代表删除）',
  `create_by` varchar(64) DEFAULT '' COMMENT '创建者',
  `create_time` datetime DEFAULT CURRENT_TIMESTAMP COMMENT '创建时间',
  `update_by` varchar(64) DEFAULT '' COMMENT '更新者',
  `update_time` datetime DEFAULT NULL ON UPDATE CURRENT_TIMESTAMP COMMENT '更新时间',
  PRIMARY KEY (`dept_id`)
) ENGINE=InnoDB AUTO_INCREMENT=121 DEFAULT CHARSET=utf8mb4 COMMENT='部门表';

/*Data for the table `sys_dept` */

insert  into `sys_dept`(`dept_id`,`parent_id`,`ancestors`,`dept_name`,`order_num`,`leader`,`phone`,`email`,`status`,`del_flag`,`create_by`,`create_time`,`update_by`,`update_time`) values 
(100,0,'0','南昌航空大学科技学院图书馆',0,'若依','15888888888','ry@qq.com','0','0','admin','2022-01-07 15:57:55','',NULL),
(101,100,'0,100','图书馆（北）',1,'若依','15888888888','ry@qq.com','0','0','admin','2022-01-07 15:57:55','',NULL),
(102,100,'0,100','图书馆（南）',2,'若依','15888888888','ry@qq.com','0','0','admin','2022-01-07 15:57:55','',NULL),
(103,101,'0,100,101','办公室',1,'若依','15888888888','ry@qq.com','0','0','admin','2022-01-07 15:57:55','',NULL),
(104,101,'0,100,101','自习室（一楼）',2,'若依','15888888888','ry@qq.com','0','0','admin','2022-01-07 15:57:55','',NULL),
(105,101,'0,100,101','自习室（二楼）',3,'若依','15888888888','ry@qq.com','0','0','admin','2022-01-07 15:57:55','',NULL),
(106,101,'0,100,101','图书室（二楼）',4,'若依','15888888888','ry@qq.com','0','0','admin','2022-01-07 15:57:55','',NULL),
(107,101,'0,100,101','自习室（三楼）',5,'若依','15888888888','ry@qq.com','0','0','admin','2022-01-07 15:57:55','',NULL),
(108,101,'0,100,101','图书室（三楼）',6,'若依','15888888888','ry@qq.com','0','0','admin','2022-01-07 15:57:55','',NULL),
(109,101,'0,100,101','资料室',7,'若依','15888888888','ry@qq.com','0','0','admin','2022-01-07 15:57:55','',NULL),
(110,101,'0,100,101','后勤室',8,'若依','15888888888','ry@qq.com','0','0','admin','2022-01-13 14:22:23','',NULL),
(111,102,'0,100,102','机电管理室',9,'若依','15888888888','ry@qq.com','0','0','admin','2022-01-13 14:22:21','',NULL),
(112,102,'0,100,102','办公室',1,'若依','15888888888','ry@qq.com','0','0','admin','2022-01-13 14:22:19','',NULL),
(113,102,'0,100,102','自习室（一楼）',2,'若依','15888888888','ry@qq.com','0','0','admin','2022-01-13 14:22:16','',NULL),
(114,102,'0,100,102','自习室（二楼）',3,'若依','15888888888','ry@qq.com','0','0','admin','2022-01-13 14:22:15','',NULL),
(115,102,'0,100,102','自习室（三楼）',4,'若依','15888888888','ry@qq.com','0','0','admin','2022-01-13 14:22:13','',NULL),
(116,102,'0,100,102','自习室（四楼）',5,'若依','15888888888','ry@qq.com','0','0','admin','2022-01-13 14:22:10','',NULL),
(117,102,'0,100,102','图书室（一楼）',6,'若依','15888888888','ry@qq.com','0','0','admin','2022-01-13 14:22:09','',NULL),
(118,102,'0,100,102','图书室（二楼）',7,'若依','15888888888','ry@qq.com','0','0','admin','2022-01-13 14:22:07','',NULL),
(119,102,'0,100,102','图书室（三楼）',8,'若依','15888888888','ry@qq.com','0','0','admin','2022-01-13 14:22:04','',NULL),
(120,102,'0,100,102','图书室（四楼）',9,'若依','15888888888','ry@qq.com','0','0','admin','2022-01-13 14:22:00','',NULL);

/*Table structure for table `sys_dict_data` */

DROP TABLE IF EXISTS `sys_dict_data`;

CREATE TABLE `sys_dict_data` (
  `dict_code` bigint(20) NOT NULL AUTO_INCREMENT COMMENT '字典编码',
  `dict_sort` int(4) DEFAULT '0' COMMENT '字典排序',
  `dict_label` varchar(100) DEFAULT '' COMMENT '字典标签',
  `dict_value` varchar(100) DEFAULT '' COMMENT '字典键值',
  `dict_type` varchar(100) DEFAULT '' COMMENT '字典类型',
  `css_class` varchar(100) DEFAULT '' COMMENT '样式属性（其他样式扩展）',
  `list_class` varchar(100) DEFAULT '' COMMENT '表格回显样式',
  `is_default` char(1) DEFAULT 'N' COMMENT '是否默认（Y是 N否）',
  `status` char(1) DEFAULT '0' COMMENT '状态（0正常 1停用）',
  `create_by` varchar(64) DEFAULT '' COMMENT '创建者',
  `create_time` datetime DEFAULT CURRENT_TIMESTAMP COMMENT '创建时间',
  `update_by` varchar(64) DEFAULT '' COMMENT '更新者',
  `update_time` datetime DEFAULT NULL ON UPDATE CURRENT_TIMESTAMP COMMENT '更新时间',
  `remark` varchar(500) DEFAULT '' COMMENT '备注',
  PRIMARY KEY (`dict_code`)
) ENGINE=InnoDB AUTO_INCREMENT=29 DEFAULT CHARSET=utf8mb4 COMMENT='字典数据表';

/*Data for the table `sys_dict_data` */

insert  into `sys_dict_data`(`dict_code`,`dict_sort`,`dict_label`,`dict_value`,`dict_type`,`css_class`,`list_class`,`is_default`,`status`,`create_by`,`create_time`,`update_by`,`update_time`,`remark`) values 
(1,1,'男','0','sys_user_sex','','','Y','0','admin','2022-01-07 15:57:59','',NULL,'性别男'),
(2,2,'女','1','sys_user_sex','','','N','0','admin','2022-01-07 15:57:59','',NULL,'性别女'),
(3,3,'未知','2','sys_user_sex','','','N','0','admin','2022-01-07 15:57:59','',NULL,'性别未知'),
(4,1,'显示','0','sys_show_hide','','primary','Y','0','admin','2022-01-07 15:57:59','',NULL,'显示菜单'),
(5,2,'隐藏','1','sys_show_hide','','danger','N','0','admin','2022-01-07 15:57:59','',NULL,'隐藏菜单'),
(6,1,'正常','0','sys_normal_disable','','primary','Y','0','admin','2022-01-07 15:57:59','',NULL,'正常状态'),
(7,2,'停用','1','sys_normal_disable','','danger','N','0','admin','2022-01-07 15:57:59','',NULL,'停用状态'),
(8,1,'正常','0','sys_job_status','','primary','Y','0','admin','2022-01-07 15:57:59','',NULL,'正常状态'),
(9,2,'暂停','1','sys_job_status','','danger','N','0','admin','2022-01-07 15:57:59','',NULL,'停用状态'),
(10,1,'默认','DEFAULT','sys_job_group','','','Y','0','admin','2022-01-07 15:57:59','',NULL,'默认分组'),
(11,2,'系统','SYSTEM','sys_job_group','','','N','0','admin','2022-01-07 15:57:59','',NULL,'系统分组'),
(12,1,'是','Y','sys_yes_no','','primary','Y','0','admin','2022-01-07 15:57:59','',NULL,'系统默认是'),
(13,2,'否','N','sys_yes_no','','danger','N','0','admin','2022-01-07 15:57:59','',NULL,'系统默认否'),
(14,1,'通知','1','sys_notice_type','','warning','Y','0','admin','2022-01-07 15:57:59','',NULL,'通知'),
(15,2,'公告','2','sys_notice_type','','success','N','0','admin','2022-01-07 15:57:59','',NULL,'公告'),
(16,1,'正常','0','sys_notice_status','','primary','Y','0','admin','2022-01-07 15:57:59','',NULL,'正常状态'),
(17,2,'关闭','1','sys_notice_status','','danger','N','0','admin','2022-01-07 15:57:59','',NULL,'关闭状态'),
(18,1,'新增','1','sys_oper_type','','info','N','0','admin','2022-01-07 15:57:59','',NULL,'新增操作'),
(19,2,'修改','2','sys_oper_type','','info','N','0','admin','2022-01-07 15:57:59','',NULL,'修改操作'),
(20,3,'删除','3','sys_oper_type','','danger','N','0','admin','2022-01-07 15:57:59','',NULL,'删除操作'),
(21,4,'授权','4','sys_oper_type','','primary','N','0','admin','2022-01-07 15:57:59','',NULL,'授权操作'),
(22,5,'导出','5','sys_oper_type','','warning','N','0','admin','2022-01-07 15:57:59','',NULL,'导出操作'),
(23,6,'导入','6','sys_oper_type','','warning','N','0','admin','2022-01-07 15:57:59','',NULL,'导入操作'),
(24,7,'强退','7','sys_oper_type','','danger','N','0','admin','2022-01-07 15:57:59','',NULL,'强退操作'),
(25,8,'生成代码','8','sys_oper_type','','warning','N','0','admin','2022-01-07 15:57:59','',NULL,'生成操作'),
(26,9,'清空数据','9','sys_oper_type','','danger','N','0','admin','2022-01-07 15:57:59','',NULL,'清空操作'),
(27,1,'成功','0','sys_common_status','','primary','N','0','admin','2022-01-07 15:57:59','',NULL,'正常状态'),
(28,2,'失败','1','sys_common_status','','danger','N','0','admin','2022-01-07 15:57:59','',NULL,'停用状态');

/*Table structure for table `sys_dict_type` */

DROP TABLE IF EXISTS `sys_dict_type`;

CREATE TABLE `sys_dict_type` (
  `dict_id` bigint(20) NOT NULL AUTO_INCREMENT COMMENT '字典主键',
  `dict_name` varchar(100) DEFAULT '' COMMENT '字典名称',
  `dict_type` varchar(100) DEFAULT '' COMMENT '字典类型',
  `status` char(1) DEFAULT '0' COMMENT '状态（0正常 1停用）',
  `create_by` varchar(64) DEFAULT '' COMMENT '创建者',
  `create_time` datetime DEFAULT CURRENT_TIMESTAMP COMMENT '创建时间',
  `update_by` varchar(64) DEFAULT '' COMMENT '更新者',
  `update_time` datetime DEFAULT NULL ON UPDATE CURRENT_TIMESTAMP COMMENT '更新时间',
  `remark` varchar(500) DEFAULT NULL COMMENT '备注',
  PRIMARY KEY (`dict_id`),
  UNIQUE KEY `dict_type` (`dict_type`)
) ENGINE=InnoDB AUTO_INCREMENT=11 DEFAULT CHARSET=utf8mb4 COMMENT='字典类型表';

/*Data for the table `sys_dict_type` */

insert  into `sys_dict_type`(`dict_id`,`dict_name`,`dict_type`,`status`,`create_by`,`create_time`,`update_by`,`update_time`,`remark`) values 
(1,'用户性别','sys_user_sex','0','admin','2022-01-07 15:57:59','',NULL,'用户性别列表'),
(2,'菜单状态','sys_show_hide','0','admin','2022-01-07 15:57:59','',NULL,'菜单状态列表'),
(3,'系统开关','sys_normal_disable','0','admin','2022-01-07 15:57:59','',NULL,'系统开关列表'),
(4,'任务状态','sys_job_status','0','admin','2022-01-07 15:57:59','',NULL,'任务状态列表'),
(5,'任务分组','sys_job_group','0','admin','2022-01-07 15:57:59','',NULL,'任务分组列表'),
(6,'系统是否','sys_yes_no','0','admin','2022-01-07 15:57:59','',NULL,'系统是否列表'),
(7,'通知类型','sys_notice_type','0','admin','2022-01-07 15:57:59','',NULL,'通知类型列表'),
(8,'通知状态','sys_notice_status','0','admin','2022-01-07 15:57:59','',NULL,'通知状态列表'),
(9,'操作类型','sys_oper_type','0','admin','2022-01-07 15:57:59','',NULL,'操作类型列表'),
(10,'系统状态','sys_common_status','0','admin','2022-01-07 15:57:59','',NULL,'登录状态列表');

/*Table structure for table `sys_file` */

DROP TABLE IF EXISTS `sys_file`;

CREATE TABLE `sys_file` (
  `id` bigint(20) NOT NULL AUTO_INCREMENT COMMENT '文件id',
  `name` varchar(255) DEFAULT '' COMMENT '文件名称',
  `new_name` varchar(255) DEFAULT '' COMMENT '新文件名称',
  `groud_id` bigint(20) DEFAULT '0' COMMENT '文件组id',
  `url` varchar(255) DEFAULT '' COMMENT '文件路径',
  `type` varchar(5) DEFAULT '' COMMENT '文件类型',
  `is_del` int(1) DEFAULT '0' COMMENT '是否被删除，默认0，删除1',
  `mark` varchar(255) DEFAULT '' COMMENT '说明文字',
  `status` int(1) DEFAULT '1' COMMENT '是否有效，默认1有效，无效为0',
  `create_person` bigint(20) DEFAULT '0' COMMENT '文件上传人id',
  `create_time` datetime DEFAULT CURRENT_TIMESTAMP COMMENT '创建时间',
  `del_time` datetime DEFAULT NULL ON UPDATE CURRENT_TIMESTAMP COMMENT '删除时间',
  `del_person` bigint(20) DEFAULT '-1' COMMENT '删除人id',
  PRIMARY KEY (`id`)
) ENGINE=InnoDB AUTO_INCREMENT=10 DEFAULT CHARSET=utf8mb4;

/*Data for the table `sys_file` */

insert  into `sys_file`(`id`,`name`,`new_name`,`groud_id`,`url`,`type`,`is_del`,`mark`,`status`,`create_person`,`create_time`,`del_time`,`del_person`) values 
(7,'1.jpg','2022/01/21/1bdf4a9c-3b49-4b09-a173-7b1aa00a1b5d.jpg',-5366048265446993574,'/profile//2022/01/21/640793c5-0472-4b03-aad4-1a1c08912a9d.jpg',NULL,NULL,NULL,0,1,'2022-01-21 16:40:11',NULL,NULL),
(8,'2.jpg','2022/01/21/9ced7bc0-50f7-41b6-b51f-223792610a62.jpg',-5366048265446993574,'/profile//2022/01/21/2f20e46c-2022-45c3-8546-3e4098bb7550.jpg',NULL,NULL,NULL,0,1,'2022-01-21 16:40:11',NULL,NULL),
(9,'3.jpg','2022/01/21/59328517-aeb3-44db-88ad-6a55db504ea1.jpg',-5366048265446993574,'/profile//2022/01/21/4f52baf6-f24c-41dd-b899-97fec52e3d55.jpg',NULL,NULL,NULL,0,1,'2022-01-21 16:40:11',NULL,NULL);

/*Table structure for table `sys_job` */

DROP TABLE IF EXISTS `sys_job`;

CREATE TABLE `sys_job` (
  `job_id` bigint(20) NOT NULL AUTO_INCREMENT COMMENT '任务ID',
  `job_name` varchar(64) NOT NULL DEFAULT '' COMMENT '任务名称',
  `job_group` varchar(64) NOT NULL DEFAULT 'DEFAULT' COMMENT '任务组名',
  `invoke_target` varchar(500) NOT NULL COMMENT '调用目标字符串',
  `cron_expression` varchar(255) DEFAULT '' COMMENT 'cron执行表达式',
  `misfire_policy` varchar(20) DEFAULT '3' COMMENT '计划执行错误策略（1立即执行 2执行一次 3放弃执行）',
  `concurrent` char(1) DEFAULT '1' COMMENT '是否并发执行（0允许 1禁止）',
  `status` char(1) DEFAULT '0' COMMENT '状态（0正常 1暂停）',
  `create_by` varchar(64) DEFAULT '' COMMENT '创建者',
  `create_time` datetime DEFAULT NULL COMMENT '创建时间',
  `update_by` varchar(64) DEFAULT '' COMMENT '更新者',
  `update_time` datetime DEFAULT NULL COMMENT '更新时间',
  `remark` varchar(500) DEFAULT '' COMMENT '备注信息',
  PRIMARY KEY (`job_id`,`job_name`,`job_group`)
) ENGINE=InnoDB AUTO_INCREMENT=4 DEFAULT CHARSET=utf8mb4 COMMENT='定时任务调度表';

/*Data for the table `sys_job` */

insert  into `sys_job`(`job_id`,`job_name`,`job_group`,`invoke_target`,`cron_expression`,`misfire_policy`,`concurrent`,`status`,`create_by`,`create_time`,`update_by`,`update_time`,`remark`) values 
(1,'系统默认（无参）','DEFAULT','ryTask.ryNoParams','0/10 * * * * ?','3','1','1','admin','2022-01-07 15:58:00','',NULL,''),
(2,'系统默认（有参）','DEFAULT','ryTask.ryParams(\'ry\')','0/15 * * * * ?','3','1','1','admin','2022-01-07 15:58:00','',NULL,''),
(3,'系统默认（多参）','DEFAULT','ryTask.ryMultipleParams(\'ry\', true, 2000L, 316.50D, 100)','0/20 * * * * ?','3','1','1','admin','2022-01-07 15:58:00','',NULL,'');

/*Table structure for table `sys_job_log` */

DROP TABLE IF EXISTS `sys_job_log`;

CREATE TABLE `sys_job_log` (
  `job_log_id` bigint(20) NOT NULL AUTO_INCREMENT COMMENT '任务日志ID',
  `job_name` varchar(64) NOT NULL COMMENT '任务名称',
  `job_group` varchar(64) NOT NULL COMMENT '任务组名',
  `invoke_target` varchar(500) NOT NULL COMMENT '调用目标字符串',
  `job_message` varchar(500) DEFAULT NULL COMMENT '日志信息',
  `status` char(1) DEFAULT '0' COMMENT '执行状态（0正常 1失败）',
  `exception_info` varchar(2000) DEFAULT '' COMMENT '异常信息',
  `create_time` datetime DEFAULT NULL COMMENT '创建时间',
  PRIMARY KEY (`job_log_id`)
) ENGINE=InnoDB DEFAULT CHARSET=utf8mb4 COMMENT='定时任务调度日志表';

/*Data for the table `sys_job_log` */

/*Table structure for table `sys_logininfor` */

DROP TABLE IF EXISTS `sys_logininfor`;

CREATE TABLE `sys_logininfor` (
  `info_id` bigint(20) NOT NULL AUTO_INCREMENT COMMENT '访问ID',
  `user_name` varchar(50) DEFAULT '' COMMENT '用户账号',
  `ipaddr` varchar(128) DEFAULT '' COMMENT '登录IP地址',
  `login_location` varchar(255) DEFAULT '' COMMENT '登录地点',
  `browser` varchar(50) DEFAULT '' COMMENT '浏览器类型',
  `os` varchar(50) DEFAULT '' COMMENT '操作系统',
  `status` char(1) DEFAULT '0' COMMENT '登录状态（0成功 1失败）',
  `msg` varchar(255) DEFAULT '' COMMENT '提示消息',
  `login_time` datetime DEFAULT NULL COMMENT '访问时间',
  PRIMARY KEY (`info_id`)
) ENGINE=InnoDB AUTO_INCREMENT=122 DEFAULT CHARSET=utf8mb4 COMMENT='系统访问记录';

/*Data for the table `sys_logininfor` */

insert  into `sys_logininfor`(`info_id`,`user_name`,`ipaddr`,`login_location`,`browser`,`os`,`status`,`msg`,`login_time`) values 
(100,'admin','127.0.0.1','内网IP','Firefox 9','Windows 10','1','验证码已失效','2022-01-07 16:51:10'),
(101,'admin','127.0.0.1','内网IP','Firefox 9','Windows 10','1','验证码已失效','2022-01-07 16:57:48'),
(102,'admin','127.0.0.1','内网IP','Firefox 9','Windows 10','0','登录成功','2022-01-07 17:02:22'),
(103,'admin','127.0.0.1','内网IP','Firefox 9','Windows 10','0','登录成功','2022-01-07 21:53:13'),
(104,'admin','127.0.0.1','内网IP','Chrome 9','Windows 10','0','登录成功','2022-01-07 21:59:34'),
(105,'admin','127.0.0.1','内网IP','Firefox 9','Windows 10','0','登录成功','2022-01-07 23:15:05'),
(106,'admin','127.0.0.1','内网IP','Firefox 9','Windows 10','1','验证码已失效','2022-01-08 20:17:12'),
(107,'admin','127.0.0.1','内网IP','Firefox 9','Windows 10','0','登录成功','2022-01-08 20:17:18'),
(108,'admin','127.0.0.1','内网IP','Firefox 9','Windows 10','0','登录成功','2022-01-11 15:05:18'),
(109,'test','127.0.0.1','内网IP','Chrome 9','Windows 10','0','登录成功','2022-01-11 15:07:14'),
(110,'test','127.0.0.1','内网IP','Chrome 9','Windows 10','0','登录成功','2022-01-11 15:15:44'),
(111,'admin','127.0.0.1','内网IP','Firefox 9','Windows 10','0','登录成功','2022-01-11 16:17:14'),
(112,'test','127.0.0.1','内网IP','Chrome 9','Windows 10','1','用户不存在/密码错误','2022-01-11 16:24:26'),
(113,'test','127.0.0.1','内网IP','Chrome 9','Windows 10','1','验证码错误','2022-01-11 16:24:31'),
(114,'test','127.0.0.1','内网IP','Chrome 9','Windows 10','0','登录成功','2022-01-11 16:24:35'),
(115,'admin','127.0.0.1','内网IP','Firefox 9','Windows 10','0','退出成功','2022-01-11 17:02:52'),
(116,'admin','127.0.0.1','内网IP','Chrome 9','Windows 10','0','登录成功','2022-01-13 16:53:47'),
(117,'admin','127.0.0.1','内网IP','Firefox 9','Windows 10','0','登录成功','2022-01-21 10:26:31'),
(118,'admin','127.0.0.1','内网IP','Chrome 9','Windows 10','0','登录成功','2022-01-21 10:36:56'),
(119,'admin','127.0.0.1','内网IP','Firefox 9','Windows 10','0','登录成功','2022-01-21 11:29:39'),
(120,'admin','127.0.0.1','内网IP','Firefox 9','Windows 10','0','登录成功','2022-01-21 14:09:50'),
(121,'admin','127.0.0.1','内网IP','Firefox 9','Windows 10','0','登录成功','2022-01-21 15:24:30');

/*Table structure for table `sys_menu` */

DROP TABLE IF EXISTS `sys_menu`;

CREATE TABLE `sys_menu` (
  `menu_id` bigint(20) NOT NULL AUTO_INCREMENT COMMENT '菜单ID',
  `menu_name` varchar(50) NOT NULL COMMENT '菜单名称',
  `parent_id` bigint(20) DEFAULT '0' COMMENT '父菜单ID',
  `order_num` int(4) DEFAULT '0' COMMENT '显示顺序',
  `path` varchar(200) DEFAULT '' COMMENT '路由地址',
  `component` varchar(255) DEFAULT NULL COMMENT '组件路径',
  `query` varchar(255) DEFAULT NULL COMMENT '路由参数',
  `is_frame` int(1) DEFAULT '1' COMMENT '是否为外链（0是 1否）',
  `is_cache` int(1) DEFAULT '0' COMMENT '是否缓存（0缓存 1不缓存）',
  `menu_type` char(1) DEFAULT '' COMMENT '菜单类型（M目录 C菜单 F按钮）',
  `visible` char(1) DEFAULT '0' COMMENT '菜单状态（0显示 1隐藏）',
  `status` char(1) DEFAULT '0' COMMENT '菜单状态（0正常 1停用）',
  `perms` varchar(100) DEFAULT NULL COMMENT '权限标识',
  `icon` varchar(100) DEFAULT '#' COMMENT '菜单图标',
  `create_by` varchar(64) DEFAULT '' COMMENT '创建者',
  `create_time` datetime DEFAULT NULL COMMENT '创建时间',
  `update_by` varchar(64) DEFAULT '' COMMENT '更新者',
  `update_time` datetime DEFAULT NULL COMMENT '更新时间',
  `remark` varchar(500) DEFAULT '' COMMENT '备注',
  PRIMARY KEY (`menu_id`)
) ENGINE=InnoDB AUTO_INCREMENT=1061 DEFAULT CHARSET=utf8mb4 COMMENT='菜单权限表';

/*Data for the table `sys_menu` */

insert  into `sys_menu`(`menu_id`,`menu_name`,`parent_id`,`order_num`,`path`,`component`,`query`,`is_frame`,`is_cache`,`menu_type`,`visible`,`status`,`perms`,`icon`,`create_by`,`create_time`,`update_by`,`update_time`,`remark`) values 
(1,'系统管理',0,1,'system',NULL,'',1,0,'M','0','0','','system','admin','2022-01-07 15:57:56','',NULL,'系统管理目录'),
(2,'系统监控',0,2,'monitor',NULL,'',1,0,'M','0','0','','monitor','admin','2022-01-07 15:57:56','',NULL,'系统监控目录'),
(3,'系统工具',0,3,'tool',NULL,'',1,0,'M','0','0','','tool','admin','2022-01-07 15:57:56','',NULL,'系统工具目录'),
(4,'若依官网',0,4,'http://ruoyi.vip',NULL,'',0,0,'M','0','0','','guide','admin','2022-01-07 15:57:56','',NULL,'若依官网地址'),
(5,'test',0,5,'tool',NULL,'',1,0,'M','0','0','','tool','admin','2022-01-08 20:27:01','',NULL,''),
(100,'用户管理',1,1,'user','system/user/index','',1,0,'C','0','0','system:user:list','user','admin','2022-01-07 15:57:56','',NULL,'用户管理菜单'),
(101,'角色管理',1,2,'role','system/role/index','',1,0,'C','0','0','system:role:list','peoples','admin','2022-01-07 15:57:56','',NULL,'角色管理菜单'),
(102,'菜单管理',1,3,'menu','system/menu/index','',1,0,'C','0','0','system:menu:list','tree-table','admin','2022-01-07 15:57:56','',NULL,'菜单管理菜单'),
(103,'部门管理',1,4,'dept','system/dept/index','',1,0,'C','0','0','system:dept:list','tree','admin','2022-01-07 15:57:56','',NULL,'部门管理菜单'),
(104,'岗位管理',1,5,'post','system/post/index','',1,0,'C','0','0','system:post:list','post','admin','2022-01-07 15:57:56','',NULL,'岗位管理菜单'),
(105,'字典管理',1,6,'dict','system/dict/index','',1,0,'C','0','0','system:dict:list','dict','admin','2022-01-07 15:57:56','',NULL,'字典管理菜单'),
(106,'参数设置',1,7,'config','system/config/index','',1,0,'C','0','0','system:config:list','edit','admin','2022-01-07 15:57:56','',NULL,'参数设置菜单'),
(107,'通知公告',1,8,'notice','system/notice/index','',1,0,'C','0','0','system:notice:list','message','admin','2022-01-07 15:57:56','',NULL,'通知公告菜单'),
(108,'日志管理',1,9,'log','','',1,0,'M','0','0','','log','admin','2022-01-07 15:57:56','',NULL,'日志管理菜单'),
(109,'在线用户',2,1,'online','monitor/online/index','',1,0,'C','0','0','monitor:online:list','online','admin','2022-01-07 15:57:56','',NULL,'在线用户菜单'),
(110,'定时任务',2,2,'job','monitor/job/index','',1,0,'C','0','0','monitor:job:list','job','admin','2022-01-07 15:57:56','',NULL,'定时任务菜单'),
(111,'数据监控',2,3,'druid','monitor/druid/index','',1,0,'C','0','0','monitor:druid:list','druid','admin','2022-01-07 15:57:56','',NULL,'数据监控菜单'),
(112,'服务监控',2,4,'server','monitor/server/index','',1,0,'C','0','0','monitor:server:list','server','admin','2022-01-07 15:57:56','',NULL,'服务监控菜单'),
(113,'缓存监控',2,5,'cache','monitor/cache/index','',1,0,'C','0','0','monitor:cache:list','redis','admin','2022-01-07 15:57:56','',NULL,'缓存监控菜单'),
(114,'表单构建',3,1,'build','tool/build/index','',1,0,'C','0','0','tool:build:list','build','admin','2022-01-07 15:57:56','',NULL,'表单构建菜单'),
(115,'代码生成',3,2,'gen','tool/gen/index','',1,0,'C','0','0','tool:gen:list','code','admin','2022-01-07 15:57:56','',NULL,'代码生成菜单'),
(116,'系统接口',3,3,'swagger','tool/swagger/index','',1,0,'C','0','0','tool:swagger:list','swagger','admin','2022-01-07 15:57:56','',NULL,'系统接口菜单'),
(500,'操作日志',108,1,'operlog','monitor/operlog/index','',1,0,'C','0','0','monitor:operlog:list','form','admin','2022-01-07 15:57:56','',NULL,'操作日志菜单'),
(501,'登录日志',108,2,'logininfor','monitor/logininfor/index','',1,0,'C','0','0','monitor:logininfor:list','logininfor','admin','2022-01-07 15:57:56','',NULL,'登录日志菜单'),
(1001,'用户查询',100,1,'','','',1,0,'F','0','0','system:user:query','#','admin','2022-01-07 15:57:56','',NULL,''),
(1002,'用户新增',100,2,'','','',1,0,'F','0','0','system:user:add','#','admin','2022-01-07 15:57:56','',NULL,''),
(1003,'用户修改',100,3,'','','',1,0,'F','0','0','system:user:edit','#','admin','2022-01-07 15:57:56','',NULL,''),
(1004,'用户删除',100,4,'','','',1,0,'F','0','0','system:user:remove','#','admin','2022-01-07 15:57:56','',NULL,''),
(1005,'用户导出',100,5,'','','',1,0,'F','0','0','system:user:export','#','admin','2022-01-07 15:57:56','',NULL,''),
(1006,'用户导入',100,6,'','','',1,0,'F','0','0','system:user:import','#','admin','2022-01-07 15:57:56','',NULL,''),
(1007,'重置密码',100,7,'','','',1,0,'F','0','0','system:user:resetPwd','#','admin','2022-01-07 15:57:56','',NULL,''),
(1008,'角色查询',101,1,'','','',1,0,'F','0','0','system:role:query','#','admin','2022-01-07 15:57:56','',NULL,''),
(1009,'角色新增',101,2,'','','',1,0,'F','0','0','system:role:add','#','admin','2022-01-07 15:57:56','',NULL,''),
(1010,'角色修改',101,3,'','','',1,0,'F','0','0','system:role:edit','#','admin','2022-01-07 15:57:56','',NULL,''),
(1011,'角色删除',101,4,'','','',1,0,'F','0','0','system:role:remove','#','admin','2022-01-07 15:57:56','',NULL,''),
(1012,'角色导出',101,5,'','','',1,0,'F','0','0','system:role:export','#','admin','2022-01-07 15:57:56','',NULL,''),
(1013,'菜单查询',102,1,'','','',1,0,'F','0','0','system:menu:query','#','admin','2022-01-07 15:57:56','',NULL,''),
(1014,'菜单新增',102,2,'','','',1,0,'F','0','0','system:menu:add','#','admin','2022-01-07 15:57:56','',NULL,''),
(1015,'菜单修改',102,3,'','','',1,0,'F','0','0','system:menu:edit','#','admin','2022-01-07 15:57:56','',NULL,''),
(1016,'菜单删除',102,4,'','','',1,0,'F','0','0','system:menu:remove','#','admin','2022-01-07 15:57:56','',NULL,''),
(1017,'部门查询',103,1,'','','',1,0,'F','0','0','system:dept:query','#','admin','2022-01-07 15:57:56','',NULL,''),
(1018,'部门新增',103,2,'','','',1,0,'F','0','0','system:dept:add','#','admin','2022-01-07 15:57:56','',NULL,''),
(1019,'部门修改',103,3,'','','',1,0,'F','0','0','system:dept:edit','#','admin','2022-01-07 15:57:56','',NULL,''),
(1020,'部门删除',103,4,'','','',1,0,'F','0','0','system:dept:remove','#','admin','2022-01-07 15:57:56','',NULL,''),
(1021,'岗位查询',104,1,'','','',1,0,'F','0','0','system:post:query','#','admin','2022-01-07 15:57:56','',NULL,''),
(1022,'岗位新增',104,2,'','','',1,0,'F','0','0','system:post:add','#','admin','2022-01-07 15:57:56','',NULL,''),
(1023,'岗位修改',104,3,'','','',1,0,'F','0','0','system:post:edit','#','admin','2022-01-07 15:57:56','',NULL,''),
(1024,'岗位删除',104,4,'','','',1,0,'F','0','0','system:post:remove','#','admin','2022-01-07 15:57:56','',NULL,''),
(1025,'岗位导出',104,5,'','','',1,0,'F','0','0','system:post:export','#','admin','2022-01-07 15:57:56','',NULL,''),
(1026,'字典查询',105,1,'#','','',1,0,'F','0','0','system:dict:query','#','admin','2022-01-07 15:57:56','',NULL,''),
(1027,'字典新增',105,2,'#','','',1,0,'F','0','0','system:dict:add','#','admin','2022-01-07 15:57:56','',NULL,''),
(1028,'字典修改',105,3,'#','','',1,0,'F','0','0','system:dict:edit','#','admin','2022-01-07 15:57:56','',NULL,''),
(1029,'字典删除',105,4,'#','','',1,0,'F','0','0','system:dict:remove','#','admin','2022-01-07 15:57:56','',NULL,''),
(1030,'字典导出',105,5,'#','','',1,0,'F','0','0','system:dict:export','#','admin','2022-01-07 15:57:56','',NULL,''),
(1031,'参数查询',106,1,'#','','',1,0,'F','0','0','system:config:query','#','admin','2022-01-07 15:57:56','',NULL,''),
(1032,'参数新增',106,2,'#','','',1,0,'F','0','0','system:config:add','#','admin','2022-01-07 15:57:57','',NULL,''),
(1033,'参数修改',106,3,'#','','',1,0,'F','0','0','system:config:edit','#','admin','2022-01-07 15:57:57','',NULL,''),
(1034,'参数删除',106,4,'#','','',1,0,'F','0','0','system:config:remove','#','admin','2022-01-07 15:57:57','',NULL,''),
(1035,'参数导出',106,5,'#','','',1,0,'F','0','0','system:config:export','#','admin','2022-01-07 15:57:57','',NULL,''),
(1036,'公告查询',107,1,'#','','',1,0,'F','0','0','system:notice:query','#','admin','2022-01-07 15:57:57','',NULL,''),
(1037,'公告新增',107,2,'#','','',1,0,'F','0','0','system:notice:add','#','admin','2022-01-07 15:57:57','',NULL,''),
(1038,'公告修改',107,3,'#','','',1,0,'F','0','0','system:notice:edit','#','admin','2022-01-07 15:57:57','',NULL,''),
(1039,'公告删除',107,4,'#','','',1,0,'F','0','0','system:notice:remove','#','admin','2022-01-07 15:57:57','',NULL,''),
(1040,'操作查询',500,1,'#','','',1,0,'F','0','0','monitor:operlog:query','#','admin','2022-01-07 15:57:57','',NULL,''),
(1041,'操作删除',500,2,'#','','',1,0,'F','0','0','monitor:operlog:remove','#','admin','2022-01-07 15:57:57','',NULL,''),
(1042,'日志导出',500,4,'#','','',1,0,'F','0','0','monitor:operlog:export','#','admin','2022-01-07 15:57:57','',NULL,''),
(1043,'登录查询',501,1,'#','','',1,0,'F','0','0','monitor:logininfor:query','#','admin','2022-01-07 15:57:57','',NULL,''),
(1044,'登录删除',501,2,'#','','',1,0,'F','0','0','monitor:logininfor:remove','#','admin','2022-01-07 15:57:57','',NULL,''),
(1045,'日志导出',501,3,'#','','',1,0,'F','0','0','monitor:logininfor:export','#','admin','2022-01-07 15:57:57','',NULL,''),
(1046,'在线查询',109,1,'#','','',1,0,'F','0','0','monitor:online:query','#','admin','2022-01-07 15:57:57','',NULL,''),
(1047,'批量强退',109,2,'#','','',1,0,'F','0','0','monitor:online:batchLogout','#','admin','2022-01-07 15:57:57','',NULL,''),
(1048,'单条强退',109,3,'#','','',1,0,'F','0','0','monitor:online:forceLogout','#','admin','2022-01-07 15:57:57','',NULL,''),
(1049,'任务查询',110,1,'#','','',1,0,'F','0','0','monitor:job:query','#','admin','2022-01-07 15:57:57','',NULL,''),
(1050,'任务新增',110,2,'#','','',1,0,'F','0','0','monitor:job:add','#','admin','2022-01-07 15:57:57','',NULL,''),
(1051,'任务修改',110,3,'#','','',1,0,'F','0','0','monitor:job:edit','#','admin','2022-01-07 15:57:57','',NULL,''),
(1052,'任务删除',110,4,'#','','',1,0,'F','0','0','monitor:job:remove','#','admin','2022-01-07 15:57:57','',NULL,''),
(1053,'状态修改',110,5,'#','','',1,0,'F','0','0','monitor:job:changeStatus','#','admin','2022-01-07 15:57:57','',NULL,''),
(1054,'任务导出',110,7,'#','','',1,0,'F','0','0','monitor:job:export','#','admin','2022-01-07 15:57:57','',NULL,''),
(1055,'生成查询',115,1,'#','','',1,0,'F','0','0','tool:gen:query','#','admin','2022-01-07 15:57:57','',NULL,''),
(1056,'生成修改',115,2,'#','','',1,0,'F','0','0','tool:gen:edit','#','admin','2022-01-07 15:57:57','',NULL,''),
(1057,'生成删除',115,3,'#','','',1,0,'F','0','0','tool:gen:remove','#','admin','2022-01-07 15:57:57','',NULL,''),
(1058,'导入代码',115,2,'#','','',1,0,'F','0','0','tool:gen:import','#','admin','2022-01-07 15:57:57','',NULL,''),
(1059,'预览代码',115,4,'#','','',1,0,'F','0','0','tool:gen:preview','#','admin','2022-01-07 15:57:57','',NULL,''),
(1060,'生成代码',115,5,'#','','',1,0,'F','0','0','tool:gen:code','#','admin','2022-01-07 15:57:57','',NULL,'');

/*Table structure for table `sys_notice` */

DROP TABLE IF EXISTS `sys_notice`;

CREATE TABLE `sys_notice` (
  `notice_id` int(4) NOT NULL AUTO_INCREMENT COMMENT '公告ID',
  `notice_title` varchar(50) NOT NULL COMMENT '公告标题',
  `notice_type` char(1) NOT NULL COMMENT '公告类型（1通知 2公告）',
  `notice_content` longblob COMMENT '公告内容',
  `status` char(1) DEFAULT '0' COMMENT '公告状态（0正常 1关闭）',
  `create_by` varchar(64) DEFAULT '' COMMENT '创建者',
  `create_time` datetime DEFAULT NULL COMMENT '创建时间',
  `update_by` varchar(64) DEFAULT '' COMMENT '更新者',
  `update_time` datetime DEFAULT NULL COMMENT '更新时间',
  `remark` varchar(255) DEFAULT NULL COMMENT '备注',
  PRIMARY KEY (`notice_id`)
) ENGINE=InnoDB AUTO_INCREMENT=5 DEFAULT CHARSET=utf8mb4 COMMENT='通知公告表';

/*Data for the table `sys_notice` */

insert  into `sys_notice`(`notice_id`,`notice_title`,`notice_type`,`notice_content`,`status`,`create_by`,`create_time`,`update_by`,`update_time`,`remark`) values 
(1,'温馨提醒：2018-07-01 若依新版本发布啦','2','新版本内容','0','admin','2022-01-07 15:58:01','',NULL,'管理员'),
(2,'维护通知：2018-07-01 若依系统凌晨维护','1','维护内容','0','admin','2022-01-07 15:58:01','',NULL,'管理员'),
(3,'哈哈哈','2','<p>test11111</p>','0','admin','2022-01-11 15:05:46','test','2022-01-11 15:08:06',NULL),
(4,'ggggggggggggggggggggggggggggggggggggggggg','1','<p>qqqqqqqqqqqqqqqqqqqqqqqqqqqqqqqqqqqqqqqqqqqqqqqqqqqqqqqqqqqqqqqqqqqqqqqqqqqqqqqqqqqqqqqqqqqqqqqqqqqqqqqqqqqqqqqqqqqqqqqqqqqqqqqqqqqqqqqqqqqqqqqqqqqqqqqqqqqqqqqqqqqqqqqqqqqqqqqqqqqqqqqqqqqqqqqqqqqqqqqqqqqqqqqqqqqqqqqqqqqqqqqqqqqqqqqqqqqqqqqqqqqqqqqqqqqqqqqqqqqqqqqqqqqqqqqqqqqqqqqqqqqqqqqqqqqqqqqqqqqqqqqqqqqqqqqqqqqqqqqqqqqqqqqqqqqqqqqqqqqqqqqqqqqqqqqqqqqqqqqqqqqqqqqqqqqqqqqqqqqqqqqqqqqqqqqqqqqqqqqqqqqqqqqqqqqqqqqqqqqqqqqqqqqqqqqqqqqqqqqqqqqqqqqqqqqqqqqqqqqqqqqqqqqqqqqqqqqqqqqqqqqqqqqqqqqqqqqqqqqqqqqqqqqqqqqqqqqqqqqqqqqqqqqqqqqqqqqqqqqqqqqqqqqqqqqqqqqqqqqqqqqqqqqqqqqqqqqqqqqqqqqqqqqqqqqqqqqqqqqqqqqqqqqqqqqqqqqqqqqqqqqqqqqqqqqqqqqqqqqqqqqqqqqqqqqqqqqqqqqqqqqqqqqqqqqqqqqqqqqqqqqqqqqqqqqqqqqqqqqqqqqqqqqqqqqqqqqqqqqqqqqqqqqqqqqqqqqqqqqqqqqqqqqqqqqqqqqqqqqqqqqqqqqqqqqqqqqqqqqqqqqqqqqqqqqqqqqqqqqqqqqqqqqqqqqqqqqqqqqqqqqqqqqqqqqqqqqqqqqqqqqqqqqqqqqqqqqqqqqqqqqqqqqqqqqqqqqqqqqqqqqqqqqqqqqqqqqqqqqqqqqqqqqqqqqqqqqqqqqqqqqqqqqqqqqqqqqqqqqqqqqqqqqqqqqqqqqqqqqqqqqqqqqqqqqqqqqqqqqqqqqqqqqqqqqqqqqqqqqqqqqqqqqqqqqqqqqqqqqqqqqqqqqqqqqqqqqqqqqqqqqqqqqqqqqqqqqqqqqqqqqqqqqqqqqqqqqqqqqqqqqqqqqqqqqqqqqqqqqqqqqqqqqqqqqqqqqqqqqqqqqqqqqqqqqqqqqqqqqqqqqqqqqqqqqqqqqqqqqqqqqqqqqqqqqqqqqqqqqqqqqqqqqqqqqqqqqqqqqqqqqqqqqqqqqqqqqqqqqqqqqqqqqqqqqqqqqqqqqqqqqqqqqqqqqqqqqqqqqqqqqqqqqqqqqqqqqqqqqqqqqqqqqqqqqqqqqqqqqqqqqqqqqqqqqqqqqqqqqqqqqqqqqqqqqqqqqqqqqqqqqqqqqqqqqqqqqqqqqqqqqqqqqqqqqqqqqqqqqqqqqqqqqqqqqqqqqqqqqqqqqqqqqqqqqqqqqqqqqqqqqqqqqqqqqqqqqqqqqqqqqqqqqqqqqqqqqqqqqqqqqqqqqqqqqqqqqqqqqqqqqqqqqqqqqqqqqqqqqqqqqqqqqqqqqqqqqqqqqqqqqqqqqqqqqqqqqqqqqqqqqqqqqqqqqqqqqqqqqqqqqqqqqqqqqqqqqqqqqqqqqqqqqqqqqqqqqqqqqqqqqqqqqqqqqqqqqqqqqqqqqqqqqqqqqqqqqqqqqqqqqqqqqq</p>','0','admin','2022-01-11 15:10:34','',NULL,NULL);

/*Table structure for table `sys_oper_log` */

DROP TABLE IF EXISTS `sys_oper_log`;

CREATE TABLE `sys_oper_log` (
  `oper_id` bigint(20) NOT NULL AUTO_INCREMENT COMMENT '日志主键',
  `title` varchar(50) DEFAULT '' COMMENT '模块标题',
  `business_type` int(2) DEFAULT '0' COMMENT '业务类型（0其它 1新增 2修改 3删除）',
  `method` varchar(100) DEFAULT '' COMMENT '方法名称',
  `request_method` varchar(10) DEFAULT '' COMMENT '请求方式',
  `operator_type` int(1) DEFAULT '0' COMMENT '操作类别（0其它 1后台用户 2手机端用户）',
  `oper_name` varchar(50) DEFAULT '' COMMENT '操作人员',
  `dept_name` varchar(50) DEFAULT '' COMMENT '部门名称',
  `oper_url` varchar(255) DEFAULT '' COMMENT '请求URL',
  `oper_ip` varchar(128) DEFAULT '' COMMENT '主机地址',
  `oper_location` varchar(255) DEFAULT '' COMMENT '操作地点',
  `oper_param` varchar(2000) DEFAULT '' COMMENT '请求参数',
  `json_result` varchar(2000) DEFAULT '' COMMENT '返回参数',
  `status` int(1) DEFAULT '0' COMMENT '操作状态（0正常 1异常）',
  `error_msg` varchar(2000) DEFAULT '' COMMENT '错误消息',
  `oper_time` datetime DEFAULT NULL COMMENT '操作时间',
  PRIMARY KEY (`oper_id`)
) ENGINE=InnoDB AUTO_INCREMENT=119 DEFAULT CHARSET=utf8mb4 COMMENT='操作日志记录';

/*Data for the table `sys_oper_log` */

insert  into `sys_oper_log`(`oper_id`,`title`,`business_type`,`method`,`request_method`,`operator_type`,`oper_name`,`dept_name`,`oper_url`,`oper_ip`,`oper_location`,`oper_param`,`json_result`,`status`,`error_msg`,`oper_time`) values 
(100,'代码生成',6,'com.nhXJH.generator.controller.GenController.importTableSave()','POST',1,'admin',NULL,'/tool/gen/importTable','127.0.0.1','内网IP','sys_notice,sys_job_log,sys_job,sys_logininfor,sys_dict_data,sys_config,sys_dict_type,sys_oper_log,sys_user_post,sys_role_menu','{\"msg\":\"操作成功\",\"code\":200}',0,NULL,'2022-01-07 17:07:16'),
(101,'代码生成',6,'com.nhXJH.generator.controller.GenController.importTableSave()','POST',1,'admin',NULL,'/tool/gen/importTable','127.0.0.1','内网IP','sys_role_dept,sys_user_role,sys_role,sys_menu,sys_dept,sys_post,sys_user,base_book_class_cn','{\"msg\":\"操作成功\",\"code\":200}',0,NULL,'2022-01-07 17:08:52'),
(102,'代码生成',8,'com.nhXJH.generator.controller.GenController.batchGenCode()','GET',1,'admin',NULL,'/tool/gen/batchGenCode','127.0.0.1','内网IP','{}',NULL,0,NULL,'2022-01-07 17:09:06'),
(103,'代码生成',2,'com.nhXJH.generator.controller.GenController.editSave()','PUT',1,'admin',NULL,'/tool/gen','127.0.0.1','内网IP','{\"sub\":false,\"functionAuthor\":\"xjh\",\"columns\":[{\"capJavaField\":\"Id\",\"usableColumn\":false,\"columnId\":94,\"isIncrement\":\"1\",\"increment\":true,\"insert\":true,\"dictType\":\"\",\"required\":false,\"superColumn\":false,\"updateBy\":\"\",\"isInsert\":\"1\",\"javaField\":\"id\",\"htmlType\":\"input\",\"edit\":false,\"query\":false,\"columnComment\":\"图书类别编号ID\",\"sort\":1,\"list\":false,\"params\":{},\"javaType\":\"Long\",\"queryType\":\"EQ\",\"columnType\":\"bigint(20)\",\"createBy\":\"admin\",\"isPk\":\"1\",\"createTime\":1641546532000,\"tableId\":11,\"pk\":true,\"columnName\":\"id\"},{\"capJavaField\":\"Code\",\"usableColumn\":false,\"columnId\":95,\"isIncrement\":\"0\",\"increment\":false,\"insert\":true,\"isList\":\"1\",\"dictType\":\"\",\"required\":false,\"superColumn\":false,\"updateBy\":\"\",\"isInsert\":\"1\",\"javaField\":\"code\",\"htmlType\":\"input\",\"edit\":true,\"query\":true,\"columnComment\":\"图书类别编号\",\"isQuery\":\"1\",\"sort\":2,\"list\":true,\"params\":{},\"javaType\":\"String\",\"queryType\":\"EQ\",\"columnType\":\"varchar(10)\",\"createBy\":\"admin\",\"isPk\":\"0\",\"createTime\":1641546532000,\"isEdit\":\"1\",\"tableId\":11,\"pk\":false,\"columnName\":\"code\"},{\"capJavaField\":\"Name\",\"usableColumn\":false,\"columnId\":96,\"isIncrement\":\"0\",\"increment\":false,\"insert\":true,\"isList\":\"1\",\"dictType\":\"\",\"required\":false,\"superColumn\":false,\"updateBy\":\"\",\"isInsert\":\"1\",\"javaField\":\"name\",\"htmlType\":\"input\",\"edit\":true,\"query\":true,\"columnComment\":\"图书类别名称\",\"isQuery\":\"1\",\"sort\":3,\"list\":true,\"params\":{},\"javaType\":\"String\",\"queryType\":\"LIKE\",\"columnType\":\"varchar(50)\",\"createBy\":\"admin\",\"isPk\":\"0\",\"createTime\":1641546532000,\"isEdit\":\"1\",\"tableId\":11,\"pk\":false,\"columnName\":\"name\"},{\"capJavaField\":\"Class\",\"usableColumn\":false,\"columnId\":97,\"isIncrement\":\"0\",\"increment\":false,\"insert\":true,\"isList\":\"1\",\"dictType\":\"\",\"required\":false,\"superColumn\":false,\"updateBy\":\"\",\"isInsert\":\"1\",\"javaField\":\"class\",\"htmlType\":\"input\",\"edit\":true,\"query\":true,\"columnComment\":\"图书类别级别\",\"isQuery\":\"1\",\"sort\":4,\"list\":true,\"params\":{},\"javaType\":\"Integer\",\"queryType\":\"EQ\",\"columnType\":\"tinyint(1)\",\"createBy\":\"admin\",\"isPk\":\"0\",\"createTime\":1641546','{\"msg\":\"操作成功\",\"code\":200}',0,NULL,'2022-01-07 17:19:54'),
(104,'代码生成',8,'com.nhXJH.generator.controller.GenController.batchGenCode()','GET',1,'admin',NULL,'/tool/gen/batchGenCode','127.0.0.1','内网IP','{}',NULL,0,NULL,'2022-01-07 17:19:58'),
(105,'通知公告',1,'com.nhXJH.web.controller.system.SysNoticeController.add()','POST',1,'admin',NULL,'/system/notice','127.0.0.1','内网IP','{\"noticeContent\":\"<p>test</p>\",\"createBy\":\"admin\",\"noticeType\":\"2\",\"params\":{},\"noticeTitle\":\"哈哈哈\",\"status\":\"0\"}','{\"msg\":\"操作成功\",\"code\":200}',0,NULL,'2022-01-11 15:05:47'),
(106,'用户管理',1,'com.nhXJH.web.controller.system.SysUserController.add()','POST',1,'admin',NULL,'/system/user','127.0.0.1','内网IP','{\"phonenumber\":\"19970246857\",\"admin\":false,\"password\":\"$2a$10$nrE7R9ZYdUPym4qIeXGzeekidsDDZVp77FdSscAb9OMvYAdtLnonW\",\"postIds\":[4],\"email\":\"123@123.com\",\"nickName\":\"test\",\"sex\":\"0\",\"deptId\":100,\"params\":{},\"userName\":\"test\",\"userId\":3,\"createBy\":\"admin\",\"roleIds\":[2],\"status\":\"0\"}','{\"msg\":\"操作成功\",\"code\":200}',0,NULL,'2022-01-11 15:06:49'),
(107,'通知公告',2,'com.nhXJH.web.controller.system.SysNoticeController.edit()','PUT',1,'test',NULL,'/system/notice','127.0.0.1','内网IP','{\"noticeContent\":\"<p>test11111</p>\",\"createBy\":\"admin\",\"createTime\":1641884746000,\"updateBy\":\"test\",\"noticeType\":\"2\",\"params\":{},\"noticeId\":3,\"noticeTitle\":\"哈哈哈\",\"status\":\"0\"}','{\"msg\":\"操作成功\",\"code\":200}',0,NULL,'2022-01-11 15:08:06'),
(108,'角色管理',2,'com.nhXJH.web.controller.system.SysRoleController.edit()','PUT',1,'test',NULL,'/system/role','127.0.0.1','内网IP','{\"flag\":false,\"roleId\":2,\"admin\":false,\"remark\":\"普通角色\",\"dataScope\":\"2\",\"delFlag\":\"0\",\"params\":{},\"roleSort\":\"2\",\"deptCheckStrictly\":true,\"createTime\":1641542276000,\"updateBy\":\"test\",\"menuCheckStrictly\":true,\"roleKey\":\"common\",\"roleName\":\"普通角色\",\"menuIds\":[1,107,100,1001,1002,1003,1004,1005,1006,1007,101,1008,1009,1010,1011,1012,102,1013,1014,1015,1016,103,1017,1018,1019,1020,104,1021,1022,1023,1024,1025,105,1026,1027,1028,1029,1030,106,1031,1032,1033,1034,1035,1036,108,500,1040,1041,1042,501,1043,1044,1045,2,109,1046,1047,1048,110,1049,1050,1051,1052,1053,1054,111,112,113,3,114,115,1055,1058,1056,1057,1059,1060,116,4],\"status\":\"0\"}','{\"msg\":\"操作成功\",\"code\":200}',0,NULL,'2022-01-11 15:09:28'),
(109,'通知公告',1,'com.nhXJH.web.controller.system.SysNoticeController.add()','POST',1,'admin',NULL,'/system/notice','127.0.0.1','内网IP','{\"noticeContent\":\"<p>qqqqqqqqqqqqqqqqqqqqqqqqqqqqqqqqqqqqqqqqqqqqqqqqqqqqqqqqqqqqqqqqqqqqqqqqqqqqqqqqqqqqqqqqqqqqqqqqqqqqqqqqqqqqqqqqqqqqqqqqqqqqqqqqqqqqqqqqqqqqqqqqqqqqqqqqqqqqqqqqqqqqqqqqqqqqqqqqqqqqqqqqqqqqqqqqqqqqqqqqqqqqqqqqqqqqqqqqqqqqqqqqqqqqqqqqqqqqqqqqqqqqqqqqqqqqqqqqqqqqqqqqqqqqqqqqqqqqqqqqqqqqqqqqqqqqqqqqqqqqqqqqqqqqqqqqqqqqqqqqqqqqqqqqqqqqqqqqqqqqqqqqqqqqqqqqqqqqqqqqqqqqqqqqqqqqqqqqqqqqqqqqqqqqqqqqqqqqqqqqqqqqqqqqqqqqqqqqqqqqqqqqqqqqqqqqqqqqqqqqqqqqqqqqqqqqqqqqqqqqqqqqqqqqqqqqqqqqqqqqqqqqqqqqqqqqqqqqqqqqqqqqqqqqqqqqqqqqqqqqqqqqqqqqqqqqqqqqqqqqqqqqqqqqqqqqqqqqqqqqqqqqqqqqqqqqqqqqqqqqqqqqqqqqqqqqqqqqqqqqqqqqqqqqqqqqqqqqqqqqqqqqqqqqqqqqqqqqqqqqqqqqqqqqqqqqqqqqqqqqqqqqqqqqqqqqqqqqqqqqqqqqqqqqqqqqqqqqqqqqqqqqqqqqqqqqqqqqqqqqqqqqqqqqqqqqqqqqqqqqqqqqqqqqqqqqqqqqqqqqqqqqqqqqqqqqqqqqqqqqqqqqqqqqqqqqqqqqqqqqqqqqqqqqqqqqqqqqqqqqqqqqqqqqqqqqqqqqqqqqqqqqqqqqqqqqqqqqqqqqqqqqqqqqqqqqqqqqqqqqqqqqqqqqqqqqqqqqqqqqqqqqqqqqqqqqqqqqqqqqqqqqqqqqqqqqqqqqqqqqqqqqqqqqqqqqqqqqqqqqqqqqqqqqqqqqqqqqqqqqqqqqqqqqqqqqqqqqqqqqqqqqqqqqqqqqqqqqqqqqqqqqqqqqqqqqqqqqqqqqqqqqqqqqqqqqqqqqqqqqqqqqqqqqqqqqqqqqqqqqqqqqqqqqqqqqqqqqqqqqqqqqqqqqqqqqqqqqqqqqqqqqqqqqqqqqqqqqqqqqqqqqqqqqqqqqqqqqqqqqqqqqqqqqqqqqqqqqqqqqqqqqqqqqqqqqqqqqqqqqqqqqqqqqqqqqqqqqqqqqqqqqqqqqqqqqqqqqqqqqqqqqqqqqqqqqqqqqqqqqqqqqqqqqqqqqqqqqqqqqqqqqqqqqqqqqqqqqqqqqqqqqqqqqqqqqqqqqqqqqqqqqqqqqqqqqqqqqqqqqqqqqqqqqqqqqqqqqqqqqqqqqqqqqqqqqqqqqqqqqqqqqqqqqqqqqqqqqqqqqqqqqqqqqqqqqqqqqqqqqqqqqqqqqqqqqqqqqqqqqqqqqqqqqqqqqqqqqqqqqqqqqqqqqqqqqqqqqqqqqqqqqqqqqqqqqqqqqqqqqqqqqqqqqqqqqqqqqqqqqqqqqqqqqqqqqqqqqqqqqqqqqqqqqqqqqqqqqqqqqqqqqqqqqqqqqqqqqqqqqqqqqqqqqqqqqqqqqqqqqqqqqqqqqqqqqqqqqqqqqqqqqqqqqqqqqqqqqqqqqqqqqqqqq</p>\",\"createBy\":\"admin\",\"noticeType\":\"1\",\"params\":{},\"noticeTitle\":\"ggggggggggggggggggggggggggggggggggggggggg\",\"status\":\"0\"}','{\"msg\":\"操作成功\",\"code\":200}',0,NULL,'2022-01-11 15:10:34'),
(110,'在线用户',7,'com.nhXJH.web.controller.monitor.SysUserOnlineController.forceLogout()','DELETE',1,'admin',NULL,'/monitor/online/c696fe0d-e7f3-4212-a098-b37b7e2d3c84','127.0.0.1','内网IP','{tokenId=c696fe0d-e7f3-4212-a098-b37b7e2d3c84}','{\"msg\":\"操作成功\",\"code\":200}',0,NULL,'2022-01-11 15:12:56'),
(111,'角色管理',2,'com.nhXJH.web.controller.system.SysRoleController.edit()','PUT',1,'admin',NULL,'/system/role','127.0.0.1','内网IP','{\"flag\":false,\"roleId\":2,\"admin\":false,\"remark\":\"普通角色\",\"dataScope\":\"2\",\"delFlag\":\"0\",\"params\":{},\"roleSort\":\"2\",\"deptCheckStrictly\":true,\"createTime\":1641542276000,\"updateBy\":\"admin\",\"menuCheckStrictly\":true,\"roleKey\":\"common\",\"roleName\":\"普通角色\",\"menuIds\":[4],\"status\":\"0\"}','{\"msg\":\"操作成功\",\"code\":200}',0,NULL,'2022-01-11 15:15:07'),
(112,'用户头像',2,'com.nhXJH.web.controller.system.SysProfileController.avatar()','POST',1,'test',NULL,'/system/user/profile/avatar','127.0.0.1','内网IP','','{\"msg\":\"操作成功\",\"imgUrl\":\"/profile/avatar/2022/01/11/1eb05826-f492-4da7-b0c9-728c7775a1cf.jpeg\",\"code\":200}',0,NULL,'2022-01-11 15:20:02'),
(113,'个人信息',2,'com.nhXJH.web.controller.system.SysProfileController.updateProfile()','PUT',1,'test',NULL,'/system/user/profile','127.0.0.1','内网IP','{\"roles\":[{\"flag\":false,\"roleId\":2,\"admin\":false,\"dataScope\":\"2\",\"params\":{},\"roleSort\":\"2\",\"deptCheckStrictly\":false,\"menuCheckStrictly\":false,\"roleKey\":\"common\",\"roleName\":\"普通角色\",\"status\":\"0\"}],\"phonenumber\":\"19970246857\",\"admin\":false,\"loginDate\":1641884835000,\"delFlag\":\"0\",\"loginIp\":\"127.0.0.1\",\"email\":\"123@123.com\",\"nickName\":\"test\",\"sex\":\"0\",\"deptId\":100,\"avatar\":\"\",\"dept\":{\"deptName\":\"若依科技\",\"leader\":\"若依\",\"deptId\":100,\"orderNum\":\"0\",\"params\":{},\"parentId\":0,\"children\":[],\"status\":\"0\"},\"params\":{},\"userName\":\"test\",\"userId\":3,\"createBy\":\"admin\",\"createTime\":1641884809000,\"status\":\"0\"}','{\"msg\":\"操作成功\",\"code\":200}',0,NULL,'2022-01-11 15:20:04'),
(114,'用户头像',2,'com.nhXJH.web.controller.system.SysProfileController.avatar()','POST',1,'test',NULL,'/system/user/profile/avatar','127.0.0.1','内网IP','','{\"msg\":\"操作成功\",\"imgUrl\":\"/profile/avatar/2022/01/11/ef155583-1118-4f4c-995f-f3b30cb5c760.jpeg\",\"code\":200}',0,NULL,'2022-01-11 15:21:37'),
(115,'用户头像',2,'com.nhXJH.web.controller.system.SysProfileController.avatar()','POST',1,'test',NULL,'/system/user/profile/avatar','127.0.0.1','内网IP','','{\"msg\":\"操作成功\",\"imgUrl\":\"/profile/avatar/2022/01/11/54686230-8e82-407a-9771-41bfb350ff69.jpeg\",\"code\":200}',0,NULL,'2022-01-11 15:31:10'),
(116,'用户头像',2,'com.nhXJH.web.controller.system.SysProfileController.avatar()','POST',1,'test',NULL,'/system/user/profile/avatar','127.0.0.1','内网IP','','{\"msg\":\"操作成功\",\"imgUrl\":\"/profile/avatar/2022/01/11/f8592a3c-b499-443b-90dc-2976b523aa2d.jpeg\",\"code\":200}',0,NULL,'2022-01-11 15:32:29'),
(117,'角色管理',5,'com.nhXJH.web.controller.system.SysRoleController.export()','POST',1,'admin',NULL,'/system/role/export','127.0.0.1','内网IP','{\"flag\":false,\"admin\":false,\"params\":{\"dataScope\":\"\"},\"deptCheckStrictly\":false,\"menuCheckStrictly\":false}',NULL,0,NULL,'2022-01-11 15:34:30'),
(118,'用户头像',2,'com.nhXJH.web.controller.system.SysProfileController.avatar()','POST',1,'admin',NULL,'/system/user/profile/avatar','127.0.0.1','内网IP','','{\"msg\":\"操作成功\",\"imgUrl\":\"/profile/avatar/2022/01/11/4a27b983-035d-43b4-971d-827450c8566d.jpeg\",\"code\":200}',0,NULL,'2022-01-11 15:44:00');

/*Table structure for table `sys_post` */

DROP TABLE IF EXISTS `sys_post`;

CREATE TABLE `sys_post` (
  `post_id` bigint(20) NOT NULL AUTO_INCREMENT COMMENT '岗位ID',
  `post_code` varchar(64) NOT NULL COMMENT '岗位编码',
  `post_name` varchar(50) NOT NULL COMMENT '岗位名称',
  `post_sort` int(4) NOT NULL COMMENT '显示顺序',
  `status` char(1) NOT NULL COMMENT '状态（0正常 1停用）',
  `create_by` varchar(64) DEFAULT '' COMMENT '创建者',
  `create_time` datetime DEFAULT NULL COMMENT '创建时间',
  `update_by` varchar(64) DEFAULT '' COMMENT '更新者',
  `update_time` datetime DEFAULT NULL COMMENT '更新时间',
  `remark` varchar(500) DEFAULT NULL COMMENT '备注',
  PRIMARY KEY (`post_id`)
) ENGINE=InnoDB AUTO_INCREMENT=7 DEFAULT CHARSET=utf8mb4 COMMENT='岗位信息表';

/*Data for the table `sys_post` */

insert  into `sys_post`(`post_id`,`post_code`,`post_name`,`post_sort`,`status`,`create_by`,`create_time`,`update_by`,`update_time`,`remark`) values 
(1,'ceo','董事长',1,'0','admin','2022-01-07 15:57:56','',NULL,''),
(2,'se','项目经理',2,'0','admin','2022-01-07 15:57:56','',NULL,''),
(3,'hr','人力资源',3,'0','admin','2022-01-07 15:57:56','',NULL,''),
(4,'user','普通员工',4,'0','admin','2022-01-07 15:57:56','',NULL,''),
(5,'U-tourist','游客',99,'0','admin','2022-01-13 15:15:53','',NULL,''),
(6,'U-user','普通用户',98,'0','admin','2022-01-13 15:18:31','',NULL,'');

/*Table structure for table `sys_role` */

DROP TABLE IF EXISTS `sys_role`;

CREATE TABLE `sys_role` (
  `role_id` bigint(20) NOT NULL AUTO_INCREMENT COMMENT '角色ID',
  `role_name` varchar(30) NOT NULL COMMENT '角色名称',
  `role_key` varchar(100) NOT NULL COMMENT '角色权限字符串',
  `role_sort` int(4) NOT NULL COMMENT '显示顺序',
  `data_scope` char(1) DEFAULT '1' COMMENT '数据范围（1：全部数据权限 2：自定数据权限 3：本部门数据权限 4：本部门及以下数据权限）',
  `menu_check_strictly` tinyint(1) DEFAULT '1' COMMENT '菜单树选择项是否关联显示',
  `dept_check_strictly` tinyint(1) DEFAULT '1' COMMENT '部门树选择项是否关联显示',
  `status` char(1) NOT NULL COMMENT '角色状态（0正常 1停用）',
  `del_flag` char(1) DEFAULT '0' COMMENT '删除标志（0代表存在 2代表删除）',
  `create_by` varchar(64) DEFAULT '' COMMENT '创建者',
  `create_time` datetime DEFAULT NULL COMMENT '创建时间',
  `update_by` varchar(64) DEFAULT '' COMMENT '更新者',
  `update_time` datetime DEFAULT NULL COMMENT '更新时间',
  `remark` varchar(500) DEFAULT NULL COMMENT '备注',
  PRIMARY KEY (`role_id`)
) ENGINE=InnoDB AUTO_INCREMENT=3 DEFAULT CHARSET=utf8mb4 COMMENT='角色信息表';

/*Data for the table `sys_role` */

insert  into `sys_role`(`role_id`,`role_name`,`role_key`,`role_sort`,`data_scope`,`menu_check_strictly`,`dept_check_strictly`,`status`,`del_flag`,`create_by`,`create_time`,`update_by`,`update_time`,`remark`) values 
(1,'超级管理员','admin',1,'1',1,1,'0','0','admin','2022-01-07 15:57:56','',NULL,'超级管理员'),
(2,'普通角色','common',2,'2',1,1,'0','0','admin','2022-01-07 15:57:56','admin','2022-01-11 15:15:07','普通角色');

/*Table structure for table `sys_role_dept` */

DROP TABLE IF EXISTS `sys_role_dept`;

CREATE TABLE `sys_role_dept` (
  `role_id` bigint(20) NOT NULL COMMENT '角色ID',
  `dept_id` bigint(20) NOT NULL COMMENT '部门ID',
  PRIMARY KEY (`role_id`,`dept_id`)
) ENGINE=InnoDB DEFAULT CHARSET=utf8mb4 COMMENT='角色和部门关联表';

/*Data for the table `sys_role_dept` */

insert  into `sys_role_dept`(`role_id`,`dept_id`) values 
(2,100),
(2,101),
(2,105);

/*Table structure for table `sys_role_menu` */

DROP TABLE IF EXISTS `sys_role_menu`;

CREATE TABLE `sys_role_menu` (
  `role_id` bigint(20) NOT NULL COMMENT '角色ID',
  `menu_id` bigint(20) NOT NULL COMMENT '菜单ID',
  PRIMARY KEY (`role_id`,`menu_id`)
) ENGINE=InnoDB DEFAULT CHARSET=utf8mb4 COMMENT='角色和菜单关联表';

/*Data for the table `sys_role_menu` */

insert  into `sys_role_menu`(`role_id`,`menu_id`) values 
(2,4);

/*Table structure for table `sys_user` */

DROP TABLE IF EXISTS `sys_user`;

CREATE TABLE `sys_user` (
  `user_id` bigint(20) NOT NULL AUTO_INCREMENT COMMENT '用户ID',
  `dept_id` bigint(20) DEFAULT '0' COMMENT '部门ID',
  `user_name` varchar(30) NOT NULL DEFAULT '' COMMENT '用户账号',
  `nick_name` varchar(30) NOT NULL DEFAULT '' COMMENT '用户昵称',
  `user_type` varchar(2) DEFAULT '00' COMMENT '用户类型（00系统用户）',
  `email` varchar(50) DEFAULT '' COMMENT '用户邮箱',
  `phonenumber` varchar(11) DEFAULT '' COMMENT '手机号码',
  `sex` char(1) DEFAULT '0' COMMENT '用户性别（0男 1女 2未知）',
  `avatar` varchar(100) DEFAULT '' COMMENT '头像地址',
  `password` varchar(100) DEFAULT '' COMMENT '密码',
  `status` char(1) DEFAULT '0' COMMENT '帐号状态（0正常 1停用）',
  `del_flag` char(1) DEFAULT '0' COMMENT '删除标志（0代表存在 2代表删除）',
  `login_ip` varchar(128) DEFAULT '' COMMENT '最后登录IP',
  `login_date` datetime DEFAULT NULL COMMENT '最后登录时间',
  `create_by` varchar(64) DEFAULT '' COMMENT '创建者',
  `create_time` datetime DEFAULT NULL COMMENT '创建时间',
  `update_by` varchar(64) DEFAULT '' COMMENT '更新者',
  `update_time` datetime DEFAULT NULL COMMENT '更新时间',
  `remark` varchar(500) DEFAULT '' COMMENT '备注',
  PRIMARY KEY (`user_id`)
) ENGINE=InnoDB AUTO_INCREMENT=4 DEFAULT CHARSET=utf8mb4 COMMENT='用户信息表';

/*Data for the table `sys_user` */

insert  into `sys_user`(`user_id`,`dept_id`,`user_name`,`nick_name`,`user_type`,`email`,`phonenumber`,`sex`,`avatar`,`password`,`status`,`del_flag`,`login_ip`,`login_date`,`create_by`,`create_time`,`update_by`,`update_time`,`remark`) values 
(1,103,'admin','若依','00','ry@163.com','15888888888','1','/profile/avatar/2022/01/11/4a27b983-035d-43b4-971d-827450c8566d.jpeg','$2a$10$7JB720yubVSZvUI0rEqK/.VqGOZTH.ulu33dHOiBE8ByOhJIrdAu2','0','0','127.0.0.1','2022-01-21 15:24:30','admin','2022-01-07 15:57:55','','2022-01-21 15:24:30','管理员'),
(2,105,'ry','若依','00','ry@qq.com','15666666666','1','','$2a$10$7JB720yubVSZvUI0rEqK/.VqGOZTH.ulu33dHOiBE8ByOhJIrdAu2','0','0','127.0.0.1','2022-01-07 15:57:55','admin','2022-01-07 15:57:55','',NULL,'测试员'),
(3,100,'test','test','00','123@123.com','19970246857','0','/profile/avatar/2022/01/11/f8592a3c-b499-443b-90dc-2976b523aa2d.jpeg','$2a$10$nrE7R9ZYdUPym4qIeXGzeekidsDDZVp77FdSscAb9OMvYAdtLnonW','0','0','127.0.0.1','2022-01-11 16:24:35','admin','2022-01-11 15:06:49','','2022-01-11 16:24:35',NULL);

/*Table structure for table `sys_user_post` */

DROP TABLE IF EXISTS `sys_user_post`;

CREATE TABLE `sys_user_post` (
  `user_id` bigint(20) NOT NULL COMMENT '用户ID',
  `post_id` bigint(20) NOT NULL COMMENT '岗位ID',
  PRIMARY KEY (`user_id`,`post_id`)
) ENGINE=InnoDB DEFAULT CHARSET=utf8mb4 COMMENT='用户与岗位关联表';

/*Data for the table `sys_user_post` */

insert  into `sys_user_post`(`user_id`,`post_id`) values 
(1,1),
(2,2),
(3,4);

/*Table structure for table `sys_user_role` */

DROP TABLE IF EXISTS `sys_user_role`;

CREATE TABLE `sys_user_role` (
  `user_id` bigint(20) NOT NULL COMMENT '用户ID',
  `role_id` bigint(20) NOT NULL COMMENT '角色ID',
  PRIMARY KEY (`user_id`,`role_id`)
) ENGINE=InnoDB DEFAULT CHARSET=utf8mb4 COMMENT='用户和角色关联表';

/*Data for the table `sys_user_role` */

insert  into `sys_user_role`(`user_id`,`role_id`) values 
(1,1),
(2,2),
(3,2);

/*!40101 SET SQL_MODE=@OLD_SQL_MODE */;
/*!40014 SET FOREIGN_KEY_CHECKS=@OLD_FOREIGN_KEY_CHECKS */;
/*!40014 SET UNIQUE_CHECKS=@OLD_UNIQUE_CHECKS */;
/*!40111 SET SQL_NOTES=@OLD_SQL_NOTES */;
